,Frequency,FrequencyCode,Indicator,IndicatorCategory,IndicatorCategoryCode,IndicatorCode,PartnerEconomy,PartnerEconomyCode,Period,PeriodCode,ProductOrSector,ProductOrSectorClassification,ProductOrSectorClassificationCode,ProductOrSectorCode,ReportingEconomy,ReportingEconomyCode,Unit,UnitCode,Value,Year
0,Annual,A,"Bilateral imports by detailed HS codes (2,4,6 digit)",Bilateral imports,TPM_HS,HS_M_0010,World,000,Annual,A,Live animals,Harmonized System,HS,01,Eswatini,748,US$,USD,4939177.0,2006
1,Annual,A,"Bilateral imports by detailed HS codes (2,4,6 digit)",Bilateral imports,TPM_HS,HS_M_0010,South Africa,710,Annual,A,Live animals,Harmonized System,HS,01,Eswatini,748,US$,USD,4939177.0,2006
2,Annual,A,"Bilateral imports by detailed HS codes (2,4,6 digit)",Bilateral imports,TPM_HS,HS_M_0010,World,000,Annual,A,Meat and edible meat offal,Harmonized System,HS,02,Eswatini,748,US$,USD,10172866.0,2006
3,Annual,A,"Bilateral imports by detailed HS codes (2,4,6 digit)",Bilateral imports,TPM_HS,HS_M_0010,Brazil,076,Annual,A,Meat and edible meat offal,Harmonized System,HS,02,Eswatini,748,US$,USD,137659.0,2006
4,Annual,A,"Bilateral imports by detailed HS codes (2,4,6 digit)",Bilateral imports,TPM_HS,HS_M_0010,South Africa,710,Annual,A,Meat and edible meat offal,Harmonized System,HS,02,Eswatini,748,US$,USD,10035207.0,2006
5,Annual,A,"Bilateral imports by detailed HS codes (2,4,6 digit)",Bilateral imports,TPM_HS,HS_M_0010,World,000,Annual,A,"Fish and crustaceans, molluscs and other aquatic invertebrates",Harmonized System,HS,03,Eswatini,748,US$,USD,3073398.0,2006
6,Annual,A,"Bilateral imports by detailed HS codes (2,4,6 digit)",Bilateral imports,TPM_HS,HS_M_0010,Botswana,072,Annual,A,"Fish and crustaceans, molluscs and other aquatic invertebrates",Harmonized System,HS,03,Eswatini,748,US$,USD,16.0,2006
7,Annual,A,"Bilateral imports by detailed HS codes (2,4,6 digit)",Bilateral imports,TPM_HS,HS_M_0010,Mozambique,508,Annual,A,"Fish and crustaceans, molluscs and other aquatic invertebrates",Harmonized System,HS,03,Eswatini,748,US$,USD,358984.0,2006
8,Annual,A,"Bilateral imports by detailed HS codes (2,4,6 digit)",Bilateral imports,TPM_HS,HS_M_0010,South Africa,710,Annual,A,"Fish and crustaceans, molluscs and other aquatic invertebrates",Harmonized System,HS,03,Eswatini,748,US$,USD,2714398.0,2006
9,Annual,A,"Bilateral imports by detailed HS codes (2,4,6 digit)",Bilateral imports,TPM_HS,HS_M_0010,World,000,Annual,A,"Dairy produce; birds' eggs; natural honey; edible products of animal origin, not elsewhere specified or included",Harmonized System,HS,04,Eswatini,748,US$,USD,15733201.0,2006
10,Annual,A,"Bilateral imports by detailed HS codes (2,4,6 digit)",Bilateral imports,TPM_HS,HS_M_0010,South Africa,710,Annual,A,"Dairy produce; birds' eggs; natural honey; edible products of animal origin, not elsewhere specified or included",Harmonized System,HS,04,Eswatini,748,US$,USD,15733201.0,2006
11,Annual,A,"Bilateral imports by detailed HS codes (2,4,6 digit)",Bilateral imports,TPM_HS,HS_M_0010,World,000,Annual,A,"Products of animal origin, not elsewhere specified or included",Harmonized System,HS,05,Eswatini,748,US$,USD,251090.0,2006
12,Annual,A,"Bilateral imports by detailed HS codes (2,4,6 digit)",Bilateral imports,TPM_HS,HS_M_0010,South Africa,710,Annual,A,"Products of animal origin, not elsewhere specified or included",Harmonized System,HS,05,Eswatini,748,US$,USD,251090.0,2006
13,Annual,A,"Bilateral imports by detailed HS codes (2,4,6 digit)",Bilateral imports,TPM_HS,HS_M_0010,World,000,Annual,A,"Live trees and other plants; bulbs, roots and the like; cut flowers and ornamental foliage",Harmonized System,HS,06,Eswatini,748,US$,USD,972603.0,2006
14,Annual,A,"Bilateral imports by detailed HS codes (2,4,6 digit)",Bilateral imports,TPM_HS,HS_M_0010,South Africa,710,Annual,A,"Live trees and other plants; bulbs, roots and the like; cut flowers and ornamental foliage",Harmonized System,HS,06,Eswatini,748,US$,USD,972603.0,2006
15,Annual,A,"Bilateral imports by detailed HS codes (2,4,6 digit)",Bilateral imports,TPM_HS,HS_M_0010,World,000,Annual,A,Edible vegetables and certain roots and tubers,Harmonized System,HS,07,Eswatini,748,US$,USD,9222853.0,2006
16,Annual,A,"Bilateral imports by detailed HS codes (2,4,6 digit)",Bilateral imports,TPM_HS,HS_M_0010,Japan,392,Annual,A,Edible vegetables and certain roots and tubers,Harmonized System,HS,07,Eswatini,748,US$,USD,127633.0,2006
17,Annual,A,"Bilateral imports by detailed HS codes (2,4,6 digit)",Bilateral imports,TPM_HS,HS_M_0010,South Africa,710,Annual,A,Edible vegetables and certain roots and tubers,Harmonized System,HS,07,Eswatini,748,US$,USD,9095220.0,2006
18,Annual,A,"Bilateral imports by detailed HS codes (2,4,6 digit)",Bilateral imports,TPM_HS,HS_M_0010,World,000,Annual,A,Edible fruit and nuts; peel of citrus fruit or melons,Harmonized System,HS,08,Eswatini,748,US$,USD,6072356.0,2006
19,Annual,A,"Bilateral imports by detailed HS codes (2,4,6 digit)",Bilateral imports,TPM_HS,HS_M_0010,Canada,124,Annual,A,Edible fruit and nuts; peel of citrus fruit or melons,Harmonized System,HS,08,Eswatini,748,US$,USD,1779616.0,2006
20,Annual,A,"Bilateral imports by detailed HS codes (2,4,6 digit)",Bilateral imports,TPM_HS,HS_M_0010,South Africa,710,Annual,A,Edible fruit and nuts; peel of citrus fruit or melons,Harmonized System,HS,08,Eswatini,748,US$,USD,4292740.0,2006
21,Annual,A,"Bilateral imports by detailed HS codes (2,4,6 digit)",Bilateral imports,TPM_HS,HS_M_0010,World,000,Annual,A,"Coffee, tea, mate and spices",Harmonized System,HS,09,Eswatini,748,US$,USD,4120608.0,2006
22,Annual,A,"Bilateral imports by detailed HS codes (2,4,6 digit)",Bilateral imports,TPM_HS,HS_M_0010,Namibia,516,Annual,A,"Coffee, tea, mate and spices",Harmonized System,HS,09,Eswatini,748,US$,USD,20014.0,2006
23,Annual,A,"Bilateral imports by detailed HS codes (2,4,6 digit)",Bilateral imports,TPM_HS,HS_M_0010,South Africa,710,Annual,A,"Coffee, tea, mate and spices",Harmonized System,HS,09,Eswatini,748,US$,USD,4100595.0,2006
24,Annual,A,"Bilateral imports by detailed HS codes (2,4,6 digit)",Bilateral imports,TPM_HS,HS_M_0010,World,000,Annual,A,Cereals,Harmonized System,HS,10,Eswatini,748,US$,USD,30804382.0,2006
25,Annual,A,"Bilateral imports by detailed HS codes (2,4,6 digit)",Bilateral imports,TPM_HS,HS_M_0010,South Africa,710,Annual,A,Cereals,Harmonized System,HS,10,Eswatini,748,US$,USD,30804382.0,2006
26,Annual,A,"Bilateral imports by detailed HS codes (2,4,6 digit)",Bilateral imports,TPM_HS,HS_M_0010,World,000,Annual,A,Products of the milling industry; malt; starches; inulin; wheat gluten,Harmonized System,HS,11,Eswatini,748,US$,USD,7753530.0,2006
27,Annual,A,"Bilateral imports by detailed HS codes (2,4,6 digit)",Bilateral imports,TPM_HS,HS_M_0010,Chinese Taipei,158,Annual,A,Products of the milling industry; malt; starches; inulin; wheat gluten,Harmonized System,HS,11,Eswatini,748,US$,USD,27427.0,2006
28,Annual,A,"Bilateral imports by detailed HS codes (2,4,6 digit)",Bilateral imports,TPM_HS,HS_M_0010,Mozambique,508,Annual,A,Products of the milling industry; malt; starches; inulin; wheat gluten,Harmonized System,HS,11,Eswatini,748,US$,USD,280467.0,2006
29,Annual,A,"Bilateral imports by detailed HS codes (2,4,6 digit)",Bilateral imports,TPM_HS,HS_M_0010,South Africa,710,Annual,A,Products of the milling industry; malt; starches; inulin; wheat gluten,Harmonized System,HS,11,Eswatini,748,US$,USD,7445636.0,2006
30,Annual,A,"Bilateral imports by detailed HS codes (2,4,6 digit)",Bilateral imports,TPM_HS,HS_M_0010,World,000,Annual,A,"Oil seeds and oleaginous fruits; miscellaneous grains, seeds and fruit; industrial or medicinal plants; straw and fodder",Harmonized System,HS,12,Eswatini,748,US$,USD,4961869.0,2006
31,Annual,A,"Bilateral imports by detailed HS codes (2,4,6 digit)",Bilateral imports,TPM_HS,HS_M_0010,South Africa,710,Annual,A,"Oil seeds and oleaginous fruits; miscellaneous grains, seeds and fruit; industrial or medicinal plants; straw and fodder",Harmonized System,HS,12,Eswatini,748,US$,USD,4961869.0,2006
32,Annual,A,"Bilateral imports by detailed HS codes (2,4,6 digit)",Bilateral imports,TPM_HS,HS_M_0010,World,000,Annual,A,"Lac; gums, resins and other vegetable saps and extracts",Harmonized System,HS,13,Eswatini,748,US$,USD,2377743.0,2006
33,Annual,A,"Bilateral imports by detailed HS codes (2,4,6 digit)",Bilateral imports,TPM_HS,HS_M_0010,South Africa,710,Annual,A,"Lac; gums, resins and other vegetable saps and extracts",Harmonized System,HS,13,Eswatini,748,US$,USD,2377743.0,2006
34,Annual,A,"Bilateral imports by detailed HS codes (2,4,6 digit)",Bilateral imports,TPM_HS,HS_M_0010,World,000,Annual,A,Vegetable plaiting materials; vegetable products not elsewhere specified or included,Harmonized System,HS,14,Eswatini,748,US$,USD,20402.0,2006
35,Annual,A,"Bilateral imports by detailed HS codes (2,4,6 digit)",Bilateral imports,TPM_HS,HS_M_0010,South Africa,710,Annual,A,Vegetable plaiting materials; vegetable products not elsewhere specified or included,Harmonized System,HS,14,Eswatini,748,US$,USD,20402.0,2006
36,Annual,A,"Bilateral imports by detailed HS codes (2,4,6 digit)",Bilateral imports,TPM_HS,HS_M_0010,World,000,Annual,A,Animal or vegetable fats and oils and their cleavage products; prepared edible fats; animal or vegetable waxes,Harmonized System,HS,15,Eswatini,748,US$,USD,11520245.0,2006
37,Annual,A,"Bilateral imports by detailed HS codes (2,4,6 digit)",Bilateral imports,TPM_HS,HS_M_0010,South Africa,710,Annual,A,Animal or vegetable fats and oils and their cleavage products; prepared edible fats; animal or vegetable waxes,Harmonized System,HS,15,Eswatini,748,US$,USD,11520245.0,2006
38,Annual,A,"Bilateral imports by detailed HS codes (2,4,6 digit)",Bilateral imports,TPM_HS,HS_M_0010,World,000,Annual,A,Sugars and sugar confectionery,Harmonized System,HS,17,Eswatini,748,US$,USD,10176794.0,2006
39,Annual,A,"Bilateral imports by detailed HS codes (2,4,6 digit)",Bilateral imports,TPM_HS,HS_M_0010,South Africa,710,Annual,A,Sugars and sugar confectionery,Harmonized System,HS,17,Eswatini,748,US$,USD,9660722.0,2006
40,Annual,A,"Bilateral imports by detailed HS codes (2,4,6 digit)",Bilateral imports,TPM_HS,HS_M_0010,Sweden,752,Annual,A,Sugars and sugar confectionery,Harmonized System,HS,17,Eswatini,748,US$,USD,516072.0,2006
41,Annual,A,"Bilateral imports by detailed HS codes (2,4,6 digit)",Bilateral imports,TPM_HS,HS_M_0010,World,000,Annual,A,"Preparations of meat, of fish or of crustaceans, molluscs or other aquatic invertebrates",Harmonized System,HS,16,Eswatini,748,US$,USD,5578002.0,2006
42,Annual,A,"Bilateral imports by detailed HS codes (2,4,6 digit)",Bilateral imports,TPM_HS,HS_M_0010,South Africa,710,Annual,A,"Preparations of meat, of fish or of crustaceans, molluscs or other aquatic invertebrates",Harmonized System,HS,16,Eswatini,748,US$,USD,5578002.0,2006
43,Annual,A,"Bilateral imports by detailed HS codes (2,4,6 digit)",Bilateral imports,TPM_HS,HS_M_0010,World,000,Annual,A,"Preparations of cereals, flour, starch or milk; pastrycooks' products",Harmonized System,HS,19,Eswatini,748,US$,USD,10016499.0,2006
44,Annual,A,"Bilateral imports by detailed HS codes (2,4,6 digit)",Bilateral imports,TPM_HS,HS_M_0010,Brazil,076,Annual,A,"Preparations of cereals, flour, starch or milk; pastrycooks' products",Harmonized System,HS,19,Eswatini,748,US$,USD,2335276.0,2006
45,Annual,A,"Bilateral imports by detailed HS codes (2,4,6 digit)",Bilateral imports,TPM_HS,HS_M_0010,South Africa,710,Annual,A,"Preparations of cereals, flour, starch or milk; pastrycooks' products",Harmonized System,HS,19,Eswatini,748,US$,USD,7157343.0,2006
46,Annual,A,"Bilateral imports by detailed HS codes (2,4,6 digit)",Bilateral imports,TPM_HS,HS_M_0010,United Arab Emirates,784,Annual,A,"Preparations of cereals, flour, starch or milk; pastrycooks' products",Harmonized System,HS,19,Eswatini,748,US$,USD,523880.0,2006
47,Annual,A,"Bilateral imports by detailed HS codes (2,4,6 digit)",Bilateral imports,TPM_HS,HS_M_0010,World,000,Annual,A,Cocoa and cocoa preparations,Harmonized System,HS,18,Eswatini,748,US$,USD,1152548.0,2006
48,Annual,A,"Bilateral imports by detailed HS codes (2,4,6 digit)",Bilateral imports,TPM_HS,HS_M_0010,Democratic Republic of the Congo,180,Annual,A,Cocoa and cocoa preparations,Harmonized System,HS,18,Eswatini,748,US$,USD,154744.0,2006
49,Annual,A,"Bilateral imports by detailed HS codes (2,4,6 digit)",Bilateral imports,TPM_HS,HS_M_0010,South Africa,710,Annual,A,Cocoa and cocoa preparations,Harmonized System,HS,18,Eswatini,748,US$,USD,997804.0,2006
50,Annual,A,"Bilateral imports by detailed HS codes (2,4,6 digit)",Bilateral imports,TPM_HS,HS_M_0010,World,000,Annual,A,"Preparations of vegetables, fruit, nuts or other parts of plants",Harmonized System,HS,20,Eswatini,748,US$,USD,10229582.0,2006
51,Annual,A,"Bilateral imports by detailed HS codes (2,4,6 digit)",Bilateral imports,TPM_HS,HS_M_0010,China,156,Annual,A,"Preparations of vegetables, fruit, nuts or other parts of plants",Harmonized System,HS,20,Eswatini,748,US$,USD,236497.0,2006
52,Annual,A,"Bilateral imports by detailed HS codes (2,4,6 digit)",Bilateral imports,TPM_HS,HS_M_0010,South Africa,710,Annual,A,"Preparations of vegetables, fruit, nuts or other parts of plants",Harmonized System,HS,20,Eswatini,748,US$,USD,5788925.0,2006
53,Annual,A,"Bilateral imports by detailed HS codes (2,4,6 digit)",Bilateral imports,TPM_HS,HS_M_0010,United States of America,840,Annual,A,"Preparations of vegetables, fruit, nuts or other parts of plants",Harmonized System,HS,20,Eswatini,748,US$,USD,4204159.0,2006
54,Annual,A,"Bilateral imports by detailed HS codes (2,4,6 digit)",Bilateral imports,TPM_HS,HS_M_0010,World,000,Annual,A,"Beverages, spirits and vinegar",Harmonized System,HS,22,Eswatini,748,US$,USD,17706880.0,2006
55,Annual,A,"Bilateral imports by detailed HS codes (2,4,6 digit)",Bilateral imports,TPM_HS,HS_M_0010,Portugal,620,Annual,A,"Beverages, spirits and vinegar",Harmonized System,HS,22,Eswatini,748,US$,USD,3076161.0,2006
56,Annual,A,"Bilateral imports by detailed HS codes (2,4,6 digit)",Bilateral imports,TPM_HS,HS_M_0010,South Africa,710,Annual,A,"Beverages, spirits and vinegar",Harmonized System,HS,22,Eswatini,748,US$,USD,12200711.0,2006
57,Annual,A,"Bilateral imports by detailed HS codes (2,4,6 digit)",Bilateral imports,TPM_HS,HS_M_0010,United Kingdom,826,Annual,A,"Beverages, spirits and vinegar",Harmonized System,HS,22,Eswatini,748,US$,USD,2430008.0,2006
58,Annual,A,"Bilateral imports by detailed HS codes (2,4,6 digit)",Bilateral imports,TPM_HS,HS_M_0010,World,000,Annual,A,Miscellaneous edible preparations,Harmonized System,HS,21,Eswatini,748,US$,USD,15845192.0,2006
59,Annual,A,"Bilateral imports by detailed HS codes (2,4,6 digit)",Bilateral imports,TPM_HS,HS_M_0010,Ireland,372,Annual,A,Miscellaneous edible preparations,Harmonized System,HS,21,Eswatini,748,US$,USD,6539108.0,2006
60,Annual,A,"Bilateral imports by detailed HS codes (2,4,6 digit)",Bilateral imports,TPM_HS,HS_M_0010,South Africa,710,Annual,A,Miscellaneous edible preparations,Harmonized System,HS,21,Eswatini,748,US$,USD,9306084.0,2006
61,Annual,A,"Bilateral imports by detailed HS codes (2,4,6 digit)",Bilateral imports,TPM_HS,HS_M_0010,World,000,Annual,A,Residues and waste from the food industries; prepared animal fodder,Harmonized System,HS,23,Eswatini,748,US$,USD,12623193.0,2006
62,Annual,A,"Bilateral imports by detailed HS codes (2,4,6 digit)",Bilateral imports,TPM_HS,HS_M_0010,Mozambique,508,Annual,A,Residues and waste from the food industries; prepared animal fodder,Harmonized System,HS,23,Eswatini,748,US$,USD,34247.0,2006
63,Annual,A,"Bilateral imports by detailed HS codes (2,4,6 digit)",Bilateral imports,TPM_HS,HS_M_0010,South Africa,710,Annual,A,Residues and waste from the food industries; prepared animal fodder,Harmonized System,HS,23,Eswatini,748,US$,USD,12588947.0,2006
64,Annual,A,"Bilateral imports by detailed HS codes (2,4,6 digit)",Bilateral imports,TPM_HS,HS_M_0010,World,000,Annual,A,Tobacco and manufactured tobacco substitutes,Harmonized System,HS,24,Eswatini,748,US$,USD,3267356.0,2006
65,Annual,A,"Bilateral imports by detailed HS codes (2,4,6 digit)",Bilateral imports,TPM_HS,HS_M_0010,South Africa,710,Annual,A,Tobacco and manufactured tobacco substitutes,Harmonized System,HS,24,Eswatini,748,US$,USD,3267356.0,2006
66,Annual,A,"Bilateral imports by detailed HS codes (2,4,6 digit)",Bilateral imports,TPM_HS,HS_M_0010,World,000,Annual,A,"Salt; sulphur; earths and stone; plastering materials, lime and cement",Harmonized System,HS,25,Eswatini,748,US$,USD,19115915.0,2006
67,Annual,A,"Bilateral imports by detailed HS codes (2,4,6 digit)",Bilateral imports,TPM_HS,HS_M_0010,Italy,380,Annual,A,"Salt; sulphur; earths and stone; plastering materials, lime and cement",Harmonized System,HS,25,Eswatini,748,US$,USD,68.0,2006
68,Annual,A,"Bilateral imports by detailed HS codes (2,4,6 digit)",Bilateral imports,TPM_HS,HS_M_0010,South Africa,710,Annual,A,"Salt; sulphur; earths and stone; plastering materials, lime and cement",Harmonized System,HS,25,Eswatini,748,US$,USD,19115848.0,2006
69,Annual,A,"Bilateral imports by detailed HS codes (2,4,6 digit)",Bilateral imports,TPM_HS,HS_M_0010,World,000,Annual,A,"Ores, slag and ash",Harmonized System,HS,26,Eswatini,748,US$,USD,1355200.0,2006
70,Annual,A,"Bilateral imports by detailed HS codes (2,4,6 digit)",Bilateral imports,TPM_HS,HS_M_0010,South Africa,710,Annual,A,"Ores, slag and ash",Harmonized System,HS,26,Eswatini,748,US$,USD,1355200.0,2006
71,Annual,A,"Bilateral imports by detailed HS codes (2,4,6 digit)",Bilateral imports,TPM_HS,HS_M_0010,World,000,Annual,A,"Mineral fuels, mineral oils and products of their distillation; bituminous substances; mineral waxes",Harmonized System,HS,27,Eswatini,748,US$,USD,181233728.0,2006
72,Annual,A,"Bilateral imports by detailed HS codes (2,4,6 digit)",Bilateral imports,TPM_HS,HS_M_0010,South Africa,710,Annual,A,"Mineral fuels, mineral oils and products of their distillation; bituminous substances; mineral waxes",Harmonized System,HS,27,Eswatini,748,US$,USD,181233728.0,2006
73,Annual,A,"Bilateral imports by detailed HS codes (2,4,6 digit)",Bilateral imports,TPM_HS,HS_M_0010,World,000,Annual,A,"Inorganic chemicals; organic or inorganic compounds of precious metals, of rareearth metals, of radioactive elements or of isotopes",Harmonized System,HS,28,Eswatini,748,US$,USD,10057800.0,2006
74,Annual,A,"Bilateral imports by detailed HS codes (2,4,6 digit)",Bilateral imports,TPM_HS,HS_M_0010,China,156,Annual,A,"Inorganic chemicals; organic or inorganic compounds of precious metals, of rareearth metals, of radioactive elements or of isotopes",Harmonized System,HS,28,Eswatini,748,US$,USD,274022.0,2006
75,Annual,A,"Bilateral imports by detailed HS codes (2,4,6 digit)",Bilateral imports,TPM_HS,HS_M_0010,Chinese Taipei,158,Annual,A,"Inorganic chemicals; organic or inorganic compounds of precious metals, of rareearth metals, of radioactive elements or of isotopes",Harmonized System,HS,28,Eswatini,748,US$,USD,1968.0,2006
76,Annual,A,"Bilateral imports by detailed HS codes (2,4,6 digit)",Bilateral imports,TPM_HS,HS_M_0010,Italy,380,Annual,A,"Inorganic chemicals; organic or inorganic compounds of precious metals, of rareearth metals, of radioactive elements or of isotopes",Harmonized System,HS,28,Eswatini,748,US$,USD,346138.0,2006
77,Annual,A,"Bilateral imports by detailed HS codes (2,4,6 digit)",Bilateral imports,TPM_HS,HS_M_0010,South Africa,710,Annual,A,"Inorganic chemicals; organic or inorganic compounds of precious metals, of rareearth metals, of radioactive elements or of isotopes",Harmonized System,HS,28,Eswatini,748,US$,USD,9435673.0,2006
78,Annual,A,"Bilateral imports by detailed HS codes (2,4,6 digit)",Bilateral imports,TPM_HS,HS_M_0010,World,000,Annual,A,Organic chemicals,Harmonized System,HS,29,Eswatini,748,US$,USD,18629334.0,2006
79,Annual,A,"Bilateral imports by detailed HS codes (2,4,6 digit)",Bilateral imports,TPM_HS,HS_M_0010,China,156,Annual,A,Organic chemicals,Harmonized System,HS,29,Eswatini,748,US$,USD,76.0,2006
80,Annual,A,"Bilateral imports by detailed HS codes (2,4,6 digit)",Bilateral imports,TPM_HS,HS_M_0010,Chinese Taipei,158,Annual,A,Organic chemicals,Harmonized System,HS,29,Eswatini,748,US$,USD,69192.0,2006
81,Annual,A,"Bilateral imports by detailed HS codes (2,4,6 digit)",Bilateral imports,TPM_HS,HS_M_0010,South Africa,710,Annual,A,Organic chemicals,Harmonized System,HS,29,Eswatini,748,US$,USD,18560066.0,2006
82,Annual,A,"Bilateral imports by detailed HS codes (2,4,6 digit)",Bilateral imports,TPM_HS,HS_M_0010,World,000,Annual,A,Pharmaceutical products,Harmonized System,HS,30,Eswatini,748,US$,USD,23051497.0,2006
83,Annual,A,"Bilateral imports by detailed HS codes (2,4,6 digit)",Bilateral imports,TPM_HS,HS_M_0010,India,356,Annual,A,Pharmaceutical products,Harmonized System,HS,30,Eswatini,748,US$,USD,4008461.0,2006
84,Annual,A,"Bilateral imports by detailed HS codes (2,4,6 digit)",Bilateral imports,TPM_HS,HS_M_0010,Lesotho,426,Annual,A,Pharmaceutical products,Harmonized System,HS,30,Eswatini,748,US$,USD,597825.0,2006
85,Annual,A,"Bilateral imports by detailed HS codes (2,4,6 digit)",Bilateral imports,TPM_HS,HS_M_0010,South Africa,710,Annual,A,Pharmaceutical products,Harmonized System,HS,30,Eswatini,748,US$,USD,5719027.0,2006
86,Annual,A,"Bilateral imports by detailed HS codes (2,4,6 digit)",Bilateral imports,TPM_HS,HS_M_0010,Zimbabwe,716,Annual,A,Pharmaceutical products,Harmonized System,HS,30,Eswatini,748,US$,USD,12726184.0,2006
87,Annual,A,"Bilateral imports by detailed HS codes (2,4,6 digit)",Bilateral imports,TPM_HS,HS_M_0010,World,000,Annual,A,"Tanning or dyeing extracts; tannins and their derivatives; dyes, pigments and other colouring matter; paints and varnishes; putty and other mastics; inks",Harmonized System,HS,32,Eswatini,748,US$,USD,6666800.0,2006
88,Annual,A,"Bilateral imports by detailed HS codes (2,4,6 digit)",Bilateral imports,TPM_HS,HS_M_0010,Ireland,372,Annual,A,"Tanning or dyeing extracts; tannins and their derivatives; dyes, pigments and other colouring matter; paints and varnishes; putty and other mastics; inks",Harmonized System,HS,32,Eswatini,748,US$,USD,792641.0,2006
89,Annual,A,"Bilateral imports by detailed HS codes (2,4,6 digit)",Bilateral imports,TPM_HS,HS_M_0010,South Africa,710,Annual,A,"Tanning or dyeing extracts; tannins and their derivatives; dyes, pigments and other colouring matter; paints and varnishes; putty and other mastics; inks",Harmonized System,HS,32,Eswatini,748,US$,USD,5874159.0,2006
90,Annual,A,"Bilateral imports by detailed HS codes (2,4,6 digit)",Bilateral imports,TPM_HS,HS_M_0010,World,000,Annual,A,Fertilisers,Harmonized System,HS,31,Eswatini,748,US$,USD,12707500.0,2006
91,Annual,A,"Bilateral imports by detailed HS codes (2,4,6 digit)",Bilateral imports,TPM_HS,HS_M_0010,South Africa,710,Annual,A,Fertilisers,Harmonized System,HS,31,Eswatini,748,US$,USD,12707500.0,2006
92,Annual,A,"Bilateral imports by detailed HS codes (2,4,6 digit)",Bilateral imports,TPM_HS,HS_M_0010,World,000,Annual,A,"Essential oils and resinoids; perfumery, cosmetic or toilet preparations",Harmonized System,HS,33,Eswatini,748,US$,USD,39933694.0,2006
93,Annual,A,"Bilateral imports by detailed HS codes (2,4,6 digit)",Bilateral imports,TPM_HS,HS_M_0010,Japan,392,Annual,A,"Essential oils and resinoids; perfumery, cosmetic or toilet preparations",Harmonized System,HS,33,Eswatini,748,US$,USD,2636832.0,2006
94,Annual,A,"Bilateral imports by detailed HS codes (2,4,6 digit)",Bilateral imports,TPM_HS,HS_M_0010,South Africa,710,Annual,A,"Essential oils and resinoids; perfumery, cosmetic or toilet preparations",Harmonized System,HS,33,Eswatini,748,US$,USD,37296862.0,2006
95,Annual,A,"Bilateral imports by detailed HS codes (2,4,6 digit)",Bilateral imports,TPM_HS,HS_M_0010,World,000,Annual,A,"Soap, organic surfaceactive agents, washing preparations, lubricating preparations, artificial waxes, prepared waxes, polishing or scouring preparations, candles and similar articles, modelling pastes",Harmonized System,HS,34,Eswatini,748,US$,USD,14940030.0,2006
96,Annual,A,"Bilateral imports by detailed HS codes (2,4,6 digit)",Bilateral imports,TPM_HS,HS_M_0010,India,356,Annual,A,"Soap, organic surfaceactive agents, washing preparations, lubricating preparations, artificial waxes, prepared waxes, polishing or scouring preparations, candles and similar articles, modelling pastes",Harmonized System,HS,34,Eswatini,748,US$,USD,4085713.0,2006
97,Annual,A,"Bilateral imports by detailed HS codes (2,4,6 digit)",Bilateral imports,TPM_HS,HS_M_0010,South Africa,710,Annual,A,"Soap, organic surfaceactive agents, washing preparations, lubricating preparations, artificial waxes, prepared waxes, polishing or scouring preparations, candles and similar articles, modelling pastes",Harmonized System,HS,34,Eswatini,748,US$,USD,9103590.0,2006
98,Annual,A,"Bilateral imports by detailed HS codes (2,4,6 digit)",Bilateral imports,TPM_HS,HS_M_0010,Thailand,764,Annual,A,"Soap, organic surfaceactive agents, washing preparations, lubricating preparations, artificial waxes, prepared waxes, polishing or scouring preparations, candles and similar articles, modelling pastes",Harmonized System,HS,34,Eswatini,748,US$,USD,1750727.0,2006
99,Annual,A,"Bilateral imports by detailed HS codes (2,4,6 digit)",Bilateral imports,TPM_HS,HS_M_0010,World,000,Annual,A,Albuminoidal substances; modified starches; glues; enzymes,Harmonized System,HS,35,Eswatini,748,US$,USD,1561944.0,2006
100,Annual,A,"Bilateral imports by detailed HS codes (2,4,6 digit)",Bilateral imports,TPM_HS,HS_M_0010,China,156,Annual,A,Albuminoidal substances; modified starches; glues; enzymes,Harmonized System,HS,35,Eswatini,748,US$,USD,141256.0,2006
101,Annual,A,"Bilateral imports by detailed HS codes (2,4,6 digit)",Bilateral imports,TPM_HS,HS_M_0010,Germany,276,Annual,A,Albuminoidal substances; modified starches; glues; enzymes,Harmonized System,HS,35,Eswatini,748,US$,USD,279493.0,2006
102,Annual,A,"Bilateral imports by detailed HS codes (2,4,6 digit)",Bilateral imports,TPM_HS,HS_M_0010,"Hong Kong, China",344,Annual,A,Albuminoidal substances; modified starches; glues; enzymes,Harmonized System,HS,35,Eswatini,748,US$,USD,340735.0,2006
103,Annual,A,"Bilateral imports by detailed HS codes (2,4,6 digit)",Bilateral imports,TPM_HS,HS_M_0010,South Africa,710,Annual,A,Albuminoidal substances; modified starches; glues; enzymes,Harmonized System,HS,35,Eswatini,748,US$,USD,800459.0,2006
104,Annual,A,"Bilateral imports by detailed HS codes (2,4,6 digit)",Bilateral imports,TPM_HS,HS_M_0010,World,000,Annual,A,Explosives; pyrotechnic products; matches; pyrophoric alloys; certain combustible preparations,Harmonized System,HS,36,Eswatini,748,US$,USD,2138138.0,2006
105,Annual,A,"Bilateral imports by detailed HS codes (2,4,6 digit)",Bilateral imports,TPM_HS,HS_M_0010,South Africa,710,Annual,A,Explosives; pyrotechnic products; matches; pyrophoric alloys; certain combustible preparations,Harmonized System,HS,36,Eswatini,748,US$,USD,2138138.0,2006
106,Annual,A,"Bilateral imports by detailed HS codes (2,4,6 digit)",Bilateral imports,TPM_HS,HS_M_0010,World,000,Annual,A,Photographic or cinematographic goods,Harmonized System,HS,37,Eswatini,748,US$,USD,863350.0,2006
107,Annual,A,"Bilateral imports by detailed HS codes (2,4,6 digit)",Bilateral imports,TPM_HS,HS_M_0010,"Korea, Republic of",410,Annual,A,Photographic or cinematographic goods,Harmonized System,HS,37,Eswatini,748,US$,USD,28882.0,2006
108,Annual,A,"Bilateral imports by detailed HS codes (2,4,6 digit)",Bilateral imports,TPM_HS,HS_M_0010,South Africa,710,Annual,A,Photographic or cinematographic goods,Harmonized System,HS,37,Eswatini,748,US$,USD,834468.0,2006
109,Annual,A,"Bilateral imports by detailed HS codes (2,4,6 digit)",Bilateral imports,TPM_HS,HS_M_0010,World,000,Annual,A,Miscellaneous chemical products,Harmonized System,HS,38,Eswatini,748,US$,USD,10009146.0,2006
110,Annual,A,"Bilateral imports by detailed HS codes (2,4,6 digit)",Bilateral imports,TPM_HS,HS_M_0010,China,156,Annual,A,Miscellaneous chemical products,Harmonized System,HS,38,Eswatini,748,US$,USD,13950.0,2006
111,Annual,A,"Bilateral imports by detailed HS codes (2,4,6 digit)",Bilateral imports,TPM_HS,HS_M_0010,South Africa,710,Annual,A,Miscellaneous chemical products,Harmonized System,HS,38,Eswatini,748,US$,USD,9670644.0,2006
112,Annual,A,"Bilateral imports by detailed HS codes (2,4,6 digit)",Bilateral imports,TPM_HS,HS_M_0010,United Kingdom,826,Annual,A,Miscellaneous chemical products,Harmonized System,HS,38,Eswatini,748,US$,USD,324552.0,2006
113,Annual,A,"Bilateral imports by detailed HS codes (2,4,6 digit)",Bilateral imports,TPM_HS,HS_M_0010,World,000,Annual,A,Plastics and articles thereof,Harmonized System,HS,39,Eswatini,748,US$,USD,47331440.0,2006
114,Annual,A,"Bilateral imports by detailed HS codes (2,4,6 digit)",Bilateral imports,TPM_HS,HS_M_0010,Canada,124,Annual,A,Plastics and articles thereof,Harmonized System,HS,39,Eswatini,748,US$,USD,155199.0,2006
115,Annual,A,"Bilateral imports by detailed HS codes (2,4,6 digit)",Bilateral imports,TPM_HS,HS_M_0010,China,156,Annual,A,Plastics and articles thereof,Harmonized System,HS,39,Eswatini,748,US$,USD,6671164.0,2006
116,Annual,A,"Bilateral imports by detailed HS codes (2,4,6 digit)",Bilateral imports,TPM_HS,HS_M_0010,Chinese Taipei,158,Annual,A,Plastics and articles thereof,Harmonized System,HS,39,Eswatini,748,US$,USD,3339206.0,2006
117,Annual,A,"Bilateral imports by detailed HS codes (2,4,6 digit)",Bilateral imports,TPM_HS,HS_M_0010,"Hong Kong, China",344,Annual,A,Plastics and articles thereof,Harmonized System,HS,39,Eswatini,748,US$,USD,476688.0,2006
118,Annual,A,"Bilateral imports by detailed HS codes (2,4,6 digit)",Bilateral imports,TPM_HS,HS_M_0010,India,356,Annual,A,Plastics and articles thereof,Harmonized System,HS,39,Eswatini,748,US$,USD,2128918.0,2006
119,Annual,A,"Bilateral imports by detailed HS codes (2,4,6 digit)",Bilateral imports,TPM_HS,HS_M_0010,Japan,392,Annual,A,Plastics and articles thereof,Harmonized System,HS,39,Eswatini,748,US$,USD,49060.0,2006
120,Annual,A,"Bilateral imports by detailed HS codes (2,4,6 digit)",Bilateral imports,TPM_HS,HS_M_0010,Malta,470,Annual,A,Plastics and articles thereof,Harmonized System,HS,39,Eswatini,748,US$,USD,3889750.0,2006
121,Annual,A,"Bilateral imports by detailed HS codes (2,4,6 digit)",Bilateral imports,TPM_HS,HS_M_0010,Namibia,516,Annual,A,Plastics and articles thereof,Harmonized System,HS,39,Eswatini,748,US$,USD,471348.0,2006
122,Annual,A,"Bilateral imports by detailed HS codes (2,4,6 digit)",Bilateral imports,TPM_HS,HS_M_0010,South Africa,710,Annual,A,Plastics and articles thereof,Harmonized System,HS,39,Eswatini,748,US$,USD,29682176.0,2006
123,Annual,A,"Bilateral imports by detailed HS codes (2,4,6 digit)",Bilateral imports,TPM_HS,HS_M_0010,Spain,724,Annual,A,Plastics and articles thereof,Harmonized System,HS,39,Eswatini,748,US$,USD,118994.0,2006
124,Annual,A,"Bilateral imports by detailed HS codes (2,4,6 digit)",Bilateral imports,TPM_HS,HS_M_0010,United States of America,840,Annual,A,Plastics and articles thereof,Harmonized System,HS,39,Eswatini,748,US$,USD,348937.0,2006
125,Annual,A,"Bilateral imports by detailed HS codes (2,4,6 digit)",Bilateral imports,TPM_HS,HS_M_0010,World,000,Annual,A,Rubber and articles thereof,Harmonized System,HS,40,Eswatini,748,US$,USD,14808308.0,2006
126,Annual,A,"Bilateral imports by detailed HS codes (2,4,6 digit)",Bilateral imports,TPM_HS,HS_M_0010,Japan,392,Annual,A,Rubber and articles thereof,Harmonized System,HS,40,Eswatini,748,US$,USD,1050868.0,2006
127,Annual,A,"Bilateral imports by detailed HS codes (2,4,6 digit)",Bilateral imports,TPM_HS,HS_M_0010,Malaysia,458,Annual,A,Rubber and articles thereof,Harmonized System,HS,40,Eswatini,748,US$,USD,147176.0,2006
128,Annual,A,"Bilateral imports by detailed HS codes (2,4,6 digit)",Bilateral imports,TPM_HS,HS_M_0010,South Africa,710,Annual,A,Rubber and articles thereof,Harmonized System,HS,40,Eswatini,748,US$,USD,13610264.0,2006
129,Annual,A,"Bilateral imports by detailed HS codes (2,4,6 digit)",Bilateral imports,TPM_HS,HS_M_0010,World,000,Annual,A,Raw hides and skins (other than furskins) and leather,Harmonized System,HS,41,Eswatini,748,US$,USD,55488.0,2006
130,Annual,A,"Bilateral imports by detailed HS codes (2,4,6 digit)",Bilateral imports,TPM_HS,HS_M_0010,South Africa,710,Annual,A,Raw hides and skins (other than furskins) and leather,Harmonized System,HS,41,Eswatini,748,US$,USD,55488.0,2006
131,Annual,A,"Bilateral imports by detailed HS codes (2,4,6 digit)",Bilateral imports,TPM_HS,HS_M_0010,World,000,Annual,A,"Articles of leather; saddlery and harness; travel goods, handbags and similar containers; articles of animal gut (other than silkworm gut)",Harmonized System,HS,42,Eswatini,748,US$,USD,2276640.0,2006
132,Annual,A,"Bilateral imports by detailed HS codes (2,4,6 digit)",Bilateral imports,TPM_HS,HS_M_0010,Canada,124,Annual,A,"Articles of leather; saddlery and harness; travel goods, handbags and similar containers; articles of animal gut (other than silkworm gut)",Harmonized System,HS,42,Eswatini,748,US$,USD,665476.0,2006
133,Annual,A,"Bilateral imports by detailed HS codes (2,4,6 digit)",Bilateral imports,TPM_HS,HS_M_0010,China,156,Annual,A,"Articles of leather; saddlery and harness; travel goods, handbags and similar containers; articles of animal gut (other than silkworm gut)",Harmonized System,HS,42,Eswatini,748,US$,USD,113597.0,2006
134,Annual,A,"Bilateral imports by detailed HS codes (2,4,6 digit)",Bilateral imports,TPM_HS,HS_M_0010,South Africa,710,Annual,A,"Articles of leather; saddlery and harness; travel goods, handbags and similar containers; articles of animal gut (other than silkworm gut)",Harmonized System,HS,42,Eswatini,748,US$,USD,1150553.0,2006
135,Annual,A,"Bilateral imports by detailed HS codes (2,4,6 digit)",Bilateral imports,TPM_HS,HS_M_0010,Thailand,764,Annual,A,"Articles of leather; saddlery and harness; travel goods, handbags and similar containers; articles of animal gut (other than silkworm gut)",Harmonized System,HS,42,Eswatini,748,US$,USD,170966.0,2006
136,Annual,A,"Bilateral imports by detailed HS codes (2,4,6 digit)",Bilateral imports,TPM_HS,HS_M_0010,United Arab Emirates,784,Annual,A,"Articles of leather; saddlery and harness; travel goods, handbags and similar containers; articles of animal gut (other than silkworm gut)",Harmonized System,HS,42,Eswatini,748,US$,USD,176048.0,2006
137,Annual,A,"Bilateral imports by detailed HS codes (2,4,6 digit)",Bilateral imports,TPM_HS,HS_M_0010,World,000,Annual,A,Furskins and artificial fur; manufactures thereof,Harmonized System,HS,43,Eswatini,748,US$,USD,10540.0,2006
138,Annual,A,"Bilateral imports by detailed HS codes (2,4,6 digit)",Bilateral imports,TPM_HS,HS_M_0010,South Africa,710,Annual,A,Furskins and artificial fur; manufactures thereof,Harmonized System,HS,43,Eswatini,748,US$,USD,10540.0,2006
139,Annual,A,"Bilateral imports by detailed HS codes (2,4,6 digit)",Bilateral imports,TPM_HS,HS_M_0010,World,000,Annual,A,Wood and articles of wood; wood charcoal,Harmonized System,HS,44,Eswatini,748,US$,USD,11856726.0,2006
140,Annual,A,"Bilateral imports by detailed HS codes (2,4,6 digit)",Bilateral imports,TPM_HS,HS_M_0010,Mauritius,480,Annual,A,Wood and articles of wood; wood charcoal,Harmonized System,HS,44,Eswatini,748,US$,USD,167379.0,2006
141,Annual,A,"Bilateral imports by detailed HS codes (2,4,6 digit)",Bilateral imports,TPM_HS,HS_M_0010,South Africa,710,Annual,A,Wood and articles of wood; wood charcoal,Harmonized System,HS,44,Eswatini,748,US$,USD,11654920.0,2006
142,Annual,A,"Bilateral imports by detailed HS codes (2,4,6 digit)",Bilateral imports,TPM_HS,HS_M_0010,Thailand,764,Annual,A,Wood and articles of wood; wood charcoal,Harmonized System,HS,44,Eswatini,748,US$,USD,34426.0,2006
143,Annual,A,"Bilateral imports by detailed HS codes (2,4,6 digit)",Bilateral imports,TPM_HS,HS_M_0010,World,000,Annual,A,Cork and articles of cork,Harmonized System,HS,45,Eswatini,748,US$,USD,80808.0,2006
144,Annual,A,"Bilateral imports by detailed HS codes (2,4,6 digit)",Bilateral imports,TPM_HS,HS_M_0010,South Africa,710,Annual,A,Cork and articles of cork,Harmonized System,HS,45,Eswatini,748,US$,USD,80808.0,2006
145,Annual,A,"Bilateral imports by detailed HS codes (2,4,6 digit)",Bilateral imports,TPM_HS,HS_M_0010,World,000,Annual,A,Pulp of wood or of other fibrous cellulosic material; recovered (waste and scrap) paper and paperboard,Harmonized System,HS,47,Eswatini,748,US$,USD,1899928.0,2006
146,Annual,A,"Bilateral imports by detailed HS codes (2,4,6 digit)",Bilateral imports,TPM_HS,HS_M_0010,South Africa,710,Annual,A,Pulp of wood or of other fibrous cellulosic material; recovered (waste and scrap) paper and paperboard,Harmonized System,HS,47,Eswatini,748,US$,USD,1899928.0,2006
147,Annual,A,"Bilateral imports by detailed HS codes (2,4,6 digit)",Bilateral imports,TPM_HS,HS_M_0010,World,000,Annual,A,"Manufactures of straw, of esparto or of other plaiting materials; basketware and wickerwork",Harmonized System,HS,46,Eswatini,748,US$,USD,107942.0,2006
148,Annual,A,"Bilateral imports by detailed HS codes (2,4,6 digit)",Bilateral imports,TPM_HS,HS_M_0010,South Africa,710,Annual,A,"Manufactures of straw, of esparto or of other plaiting materials; basketware and wickerwork",Harmonized System,HS,46,Eswatini,748,US$,USD,107942.0,2006
149,Annual,A,"Bilateral imports by detailed HS codes (2,4,6 digit)",Bilateral imports,TPM_HS,HS_M_0010,World,000,Annual,A,"Paper and paperboard; articles of paper pulp, of paper or of paperboard",Harmonized System,HS,48,Eswatini,748,US$,USD,32476068.0,2006
150,Annual,A,"Bilateral imports by detailed HS codes (2,4,6 digit)",Bilateral imports,TPM_HS,HS_M_0010,Canada,124,Annual,A,"Paper and paperboard; articles of paper pulp, of paper or of paperboard",Harmonized System,HS,48,Eswatini,748,US$,USD,199457.0,2006
151,Annual,A,"Bilateral imports by detailed HS codes (2,4,6 digit)",Bilateral imports,TPM_HS,HS_M_0010,China,156,Annual,A,"Paper and paperboard; articles of paper pulp, of paper or of paperboard",Harmonized System,HS,48,Eswatini,748,US$,USD,44382.0,2006
152,Annual,A,"Bilateral imports by detailed HS codes (2,4,6 digit)",Bilateral imports,TPM_HS,HS_M_0010,Chinese Taipei,158,Annual,A,"Paper and paperboard; articles of paper pulp, of paper or of paperboard",Harmonized System,HS,48,Eswatini,748,US$,USD,3475765.0,2006
153,Annual,A,"Bilateral imports by detailed HS codes (2,4,6 digit)",Bilateral imports,TPM_HS,HS_M_0010,South Africa,710,Annual,A,"Paper and paperboard; articles of paper pulp, of paper or of paperboard",Harmonized System,HS,48,Eswatini,748,US$,USD,28584631.0,2006
154,Annual,A,"Bilateral imports by detailed HS codes (2,4,6 digit)",Bilateral imports,TPM_HS,HS_M_0010,United States of America,840,Annual,A,"Paper and paperboard; articles of paper pulp, of paper or of paperboard",Harmonized System,HS,48,Eswatini,748,US$,USD,171834.0,2006
155,Annual,A,"Bilateral imports by detailed HS codes (2,4,6 digit)",Bilateral imports,TPM_HS,HS_M_0010,World,000,Annual,A,"Printed books, newspapers, pictures and other products of the printing industry; manuscripts, typescripts and plans",Harmonized System,HS,49,Eswatini,748,US$,USD,15776763.0,2006
156,Annual,A,"Bilateral imports by detailed HS codes (2,4,6 digit)",Bilateral imports,TPM_HS,HS_M_0010,Botswana,072,Annual,A,"Printed books, newspapers, pictures and other products of the printing industry; manuscripts, typescripts and plans",Harmonized System,HS,49,Eswatini,748,US$,USD,4321542.0,2006
157,Annual,A,"Bilateral imports by detailed HS codes (2,4,6 digit)",Bilateral imports,TPM_HS,HS_M_0010,Chinese Taipei,158,Annual,A,"Printed books, newspapers, pictures and other products of the printing industry; manuscripts, typescripts and plans",Harmonized System,HS,49,Eswatini,748,US$,USD,523521.0,2006
158,Annual,A,"Bilateral imports by detailed HS codes (2,4,6 digit)",Bilateral imports,TPM_HS,HS_M_0010,India,356,Annual,A,"Printed books, newspapers, pictures and other products of the printing industry; manuscripts, typescripts and plans",Harmonized System,HS,49,Eswatini,748,US$,USD,367872.0,2006
159,Annual,A,"Bilateral imports by detailed HS codes (2,4,6 digit)",Bilateral imports,TPM_HS,HS_M_0010,Malaysia,458,Annual,A,"Printed books, newspapers, pictures and other products of the printing industry; manuscripts, typescripts and plans",Harmonized System,HS,49,Eswatini,748,US$,USD,7918654.0,2006
160,Annual,A,"Bilateral imports by detailed HS codes (2,4,6 digit)",Bilateral imports,TPM_HS,HS_M_0010,South Africa,710,Annual,A,"Printed books, newspapers, pictures and other products of the printing industry; manuscripts, typescripts and plans",Harmonized System,HS,49,Eswatini,748,US$,USD,2638518.0,2006
161,Annual,A,"Bilateral imports by detailed HS codes (2,4,6 digit)",Bilateral imports,TPM_HS,HS_M_0010,United States of America,840,Annual,A,"Printed books, newspapers, pictures and other products of the printing industry; manuscripts, typescripts and plans",Harmonized System,HS,49,Eswatini,748,US$,USD,6657.0,2006
162,Annual,A,"Bilateral imports by detailed HS codes (2,4,6 digit)",Bilateral imports,TPM_HS,HS_M_0010,World,000,Annual,A,"Wool, fine or coarse animal hair; horsehair yarn and woven fabric",Harmonized System,HS,51,Eswatini,748,US$,USD,202471.0,2006
163,Annual,A,"Bilateral imports by detailed HS codes (2,4,6 digit)",Bilateral imports,TPM_HS,HS_M_0010,China,156,Annual,A,"Wool, fine or coarse animal hair; horsehair yarn and woven fabric",Harmonized System,HS,51,Eswatini,748,US$,USD,20877.0,2006
164,Annual,A,"Bilateral imports by detailed HS codes (2,4,6 digit)",Bilateral imports,TPM_HS,HS_M_0010,South Africa,710,Annual,A,"Wool, fine or coarse animal hair; horsehair yarn and woven fabric",Harmonized System,HS,51,Eswatini,748,US$,USD,181595.0,2006
165,Annual,A,"Bilateral imports by detailed HS codes (2,4,6 digit)",Bilateral imports,TPM_HS,HS_M_0010,World,000,Annual,A,Silk,Harmonized System,HS,50,Eswatini,748,US$,USD,384914.0,2006
166,Annual,A,"Bilateral imports by detailed HS codes (2,4,6 digit)",Bilateral imports,TPM_HS,HS_M_0010,South Africa,710,Annual,A,Silk,Harmonized System,HS,50,Eswatini,748,US$,USD,384914.0,2006
167,Annual,A,"Bilateral imports by detailed HS codes (2,4,6 digit)",Bilateral imports,TPM_HS,HS_M_0010,World,000,Annual,A,Cotton,Harmonized System,HS,52,Eswatini,748,US$,USD,20802040.0,2006
168,Annual,A,"Bilateral imports by detailed HS codes (2,4,6 digit)",Bilateral imports,TPM_HS,HS_M_0010,China,156,Annual,A,Cotton,Harmonized System,HS,52,Eswatini,748,US$,USD,13898610.0,2006
169,Annual,A,"Bilateral imports by detailed HS codes (2,4,6 digit)",Bilateral imports,TPM_HS,HS_M_0010,Chinese Taipei,158,Annual,A,Cotton,Harmonized System,HS,52,Eswatini,748,US$,USD,1078888.0,2006
170,Annual,A,"Bilateral imports by detailed HS codes (2,4,6 digit)",Bilateral imports,TPM_HS,HS_M_0010,Ghana,288,Annual,A,Cotton,Harmonized System,HS,52,Eswatini,748,US$,USD,9823.0,2006
171,Annual,A,"Bilateral imports by detailed HS codes (2,4,6 digit)",Bilateral imports,TPM_HS,HS_M_0010,"Hong Kong, China",344,Annual,A,Cotton,Harmonized System,HS,52,Eswatini,748,US$,USD,1169874.0,2006
172,Annual,A,"Bilateral imports by detailed HS codes (2,4,6 digit)",Bilateral imports,TPM_HS,HS_M_0010,India,356,Annual,A,Cotton,Harmonized System,HS,52,Eswatini,748,US$,USD,48042.0,2006
173,Annual,A,"Bilateral imports by detailed HS codes (2,4,6 digit)",Bilateral imports,TPM_HS,HS_M_0010,Pakistan,586,Annual,A,Cotton,Harmonized System,HS,52,Eswatini,748,US$,USD,105768.0,2006
174,Annual,A,"Bilateral imports by detailed HS codes (2,4,6 digit)",Bilateral imports,TPM_HS,HS_M_0010,South Africa,710,Annual,A,Cotton,Harmonized System,HS,52,Eswatini,748,US$,USD,4491035.0,2006
175,Annual,A,"Bilateral imports by detailed HS codes (2,4,6 digit)",Bilateral imports,TPM_HS,HS_M_0010,World,000,Annual,A,Other vegetable textile fibres; paper yarn and woven fabrics of paper yarn,Harmonized System,HS,53,Eswatini,748,US$,USD,252888.0,2006
176,Annual,A,"Bilateral imports by detailed HS codes (2,4,6 digit)",Bilateral imports,TPM_HS,HS_M_0010,South Africa,710,Annual,A,Other vegetable textile fibres; paper yarn and woven fabrics of paper yarn,Harmonized System,HS,53,Eswatini,748,US$,USD,252888.0,2006
177,Annual,A,"Bilateral imports by detailed HS codes (2,4,6 digit)",Bilateral imports,TPM_HS,HS_M_0010,World,000,Annual,A,Manmade filaments,Harmonized System,HS,54,Eswatini,748,US$,USD,8228671.0,2006
178,Annual,A,"Bilateral imports by detailed HS codes (2,4,6 digit)",Bilateral imports,TPM_HS,HS_M_0010,China,156,Annual,A,Manmade filaments,Harmonized System,HS,54,Eswatini,748,US$,USD,143525.0,2006
179,Annual,A,"Bilateral imports by detailed HS codes (2,4,6 digit)",Bilateral imports,TPM_HS,HS_M_0010,Chinese Taipei,158,Annual,A,Manmade filaments,Harmonized System,HS,54,Eswatini,748,US$,USD,1782249.0,2006
180,Annual,A,"Bilateral imports by detailed HS codes (2,4,6 digit)",Bilateral imports,TPM_HS,HS_M_0010,France,250,Annual,A,Manmade filaments,Harmonized System,HS,54,Eswatini,748,US$,USD,73.0,2006
181,Annual,A,"Bilateral imports by detailed HS codes (2,4,6 digit)",Bilateral imports,TPM_HS,HS_M_0010,Germany,276,Annual,A,Manmade filaments,Harmonized System,HS,54,Eswatini,748,US$,USD,3346.0,2006
182,Annual,A,"Bilateral imports by detailed HS codes (2,4,6 digit)",Bilateral imports,TPM_HS,HS_M_0010,Indonesia,360,Annual,A,Manmade filaments,Harmonized System,HS,54,Eswatini,748,US$,USD,104558.0,2006
183,Annual,A,"Bilateral imports by detailed HS codes (2,4,6 digit)",Bilateral imports,TPM_HS,HS_M_0010,Japan,392,Annual,A,Manmade filaments,Harmonized System,HS,54,Eswatini,748,US$,USD,92265.0,2006
184,Annual,A,"Bilateral imports by detailed HS codes (2,4,6 digit)",Bilateral imports,TPM_HS,HS_M_0010,Malaysia,458,Annual,A,Manmade filaments,Harmonized System,HS,54,Eswatini,748,US$,USD,533673.0,2006
185,Annual,A,"Bilateral imports by detailed HS codes (2,4,6 digit)",Bilateral imports,TPM_HS,HS_M_0010,South Africa,710,Annual,A,Manmade filaments,Harmonized System,HS,54,Eswatini,748,US$,USD,5568981.0,2006
186,Annual,A,"Bilateral imports by detailed HS codes (2,4,6 digit)",Bilateral imports,TPM_HS,HS_M_0010,World,000,Annual,A,Manmade staple fibres,Harmonized System,HS,55,Eswatini,748,US$,USD,2006573.0,2006
187,Annual,A,"Bilateral imports by detailed HS codes (2,4,6 digit)",Bilateral imports,TPM_HS,HS_M_0010,Botswana,072,Annual,A,Manmade staple fibres,Harmonized System,HS,55,Eswatini,748,US$,USD,28478.0,2006
188,Annual,A,"Bilateral imports by detailed HS codes (2,4,6 digit)",Bilateral imports,TPM_HS,HS_M_0010,China,156,Annual,A,Manmade staple fibres,Harmonized System,HS,55,Eswatini,748,US$,USD,281728.0,2006
189,Annual,A,"Bilateral imports by detailed HS codes (2,4,6 digit)",Bilateral imports,TPM_HS,HS_M_0010,Chinese Taipei,158,Annual,A,Manmade staple fibres,Harmonized System,HS,55,Eswatini,748,US$,USD,624742.0,2006
190,Annual,A,"Bilateral imports by detailed HS codes (2,4,6 digit)",Bilateral imports,TPM_HS,HS_M_0010,"Hong Kong, China",344,Annual,A,Manmade staple fibres,Harmonized System,HS,55,Eswatini,748,US$,USD,4.0,2006
191,Annual,A,"Bilateral imports by detailed HS codes (2,4,6 digit)",Bilateral imports,TPM_HS,HS_M_0010,"Korea, Republic of",410,Annual,A,Manmade staple fibres,Harmonized System,HS,55,Eswatini,748,US$,USD,144144.0,2006
192,Annual,A,"Bilateral imports by detailed HS codes (2,4,6 digit)",Bilateral imports,TPM_HS,HS_M_0010,Mozambique,508,Annual,A,Manmade staple fibres,Harmonized System,HS,55,Eswatini,748,US$,USD,53138.0,2006
193,Annual,A,"Bilateral imports by detailed HS codes (2,4,6 digit)",Bilateral imports,TPM_HS,HS_M_0010,South Africa,710,Annual,A,Manmade staple fibres,Harmonized System,HS,55,Eswatini,748,US$,USD,589777.0,2006
194,Annual,A,"Bilateral imports by detailed HS codes (2,4,6 digit)",Bilateral imports,TPM_HS,HS_M_0010,United Arab Emirates,784,Annual,A,Manmade staple fibres,Harmonized System,HS,55,Eswatini,748,US$,USD,2294.0,2006
195,Annual,A,"Bilateral imports by detailed HS codes (2,4,6 digit)",Bilateral imports,TPM_HS,HS_M_0010,United States of America,840,Annual,A,Manmade staple fibres,Harmonized System,HS,55,Eswatini,748,US$,USD,282268.0,2006
196,Annual,A,"Bilateral imports by detailed HS codes (2,4,6 digit)",Bilateral imports,TPM_HS,HS_M_0010,World,000,Annual,A,Carpets and other textile floor coverings,Harmonized System,HS,57,Eswatini,748,US$,USD,854246.0,2006
197,Annual,A,"Bilateral imports by detailed HS codes (2,4,6 digit)",Bilateral imports,TPM_HS,HS_M_0010,South Africa,710,Annual,A,Carpets and other textile floor coverings,Harmonized System,HS,57,Eswatini,748,US$,USD,854246.0,2006
198,Annual,A,"Bilateral imports by detailed HS codes (2,4,6 digit)",Bilateral imports,TPM_HS,HS_M_0010,World,000,Annual,A,"Wadding, felt and nonwovens; special yarns; twine, cordage, ropes and cables and articles thereof",Harmonized System,HS,56,Eswatini,748,US$,USD,1003624.0,2006
199,Annual,A,"Bilateral imports by detailed HS codes (2,4,6 digit)",Bilateral imports,TPM_HS,HS_M_0010,Chinese Taipei,158,Annual,A,"Wadding, felt and nonwovens; special yarns; twine, cordage, ropes and cables and articles thereof",Harmonized System,HS,56,Eswatini,748,US$,USD,31165.0,2006
200,Annual,A,"Bilateral imports by detailed HS codes (2,4,6 digit)",Bilateral imports,TPM_HS,HS_M_0010,South Africa,710,Annual,A,"Wadding, felt and nonwovens; special yarns; twine, cordage, ropes and cables and articles thereof",Harmonized System,HS,56,Eswatini,748,US$,USD,972459.0,2006
201,Annual,A,"Bilateral imports by detailed HS codes (2,4,6 digit)",Bilateral imports,TPM_HS,HS_M_0010,World,000,Annual,A,Special woven fabrics; tufted textile fabrics; lace; tapestries; trimmings; embroidery,Harmonized System,HS,58,Eswatini,748,US$,USD,12088666.0,2006
202,Annual,A,"Bilateral imports by detailed HS codes (2,4,6 digit)",Bilateral imports,TPM_HS,HS_M_0010,Chinese Taipei,158,Annual,A,Special woven fabrics; tufted textile fabrics; lace; tapestries; trimmings; embroidery,Harmonized System,HS,58,Eswatini,748,US$,USD,4676098.0,2006
203,Annual,A,"Bilateral imports by detailed HS codes (2,4,6 digit)",Bilateral imports,TPM_HS,HS_M_0010,South Africa,710,Annual,A,Special woven fabrics; tufted textile fabrics; lace; tapestries; trimmings; embroidery,Harmonized System,HS,58,Eswatini,748,US$,USD,7412426.0,2006
204,Annual,A,"Bilateral imports by detailed HS codes (2,4,6 digit)",Bilateral imports,TPM_HS,HS_M_0010,Thailand,764,Annual,A,Special woven fabrics; tufted textile fabrics; lace; tapestries; trimmings; embroidery,Harmonized System,HS,58,Eswatini,748,US$,USD,142.0,2006
205,Annual,A,"Bilateral imports by detailed HS codes (2,4,6 digit)",Bilateral imports,TPM_HS,HS_M_0010,World,000,Annual,A,"Impregnated, coated, covered or laminated textile fabrics; textile articles of a kind suitable for industrial use",Harmonized System,HS,59,Eswatini,748,US$,USD,631514.0,2006
206,Annual,A,"Bilateral imports by detailed HS codes (2,4,6 digit)",Bilateral imports,TPM_HS,HS_M_0010,South Africa,710,Annual,A,"Impregnated, coated, covered or laminated textile fabrics; textile articles of a kind suitable for industrial use",Harmonized System,HS,59,Eswatini,748,US$,USD,499850.0,2006
207,Annual,A,"Bilateral imports by detailed HS codes (2,4,6 digit)",Bilateral imports,TPM_HS,HS_M_0010,United States of America,840,Annual,A,"Impregnated, coated, covered or laminated textile fabrics; textile articles of a kind suitable for industrial use",Harmonized System,HS,59,Eswatini,748,US$,USD,131665.0,2006
208,Annual,A,"Bilateral imports by detailed HS codes (2,4,6 digit)",Bilateral imports,TPM_HS,HS_M_0010,World,000,Annual,A,Knitted or crocheted fabrics,Harmonized System,HS,60,Eswatini,748,US$,USD,40040135.0,2006
209,Annual,A,"Bilateral imports by detailed HS codes (2,4,6 digit)",Bilateral imports,TPM_HS,HS_M_0010,China,156,Annual,A,Knitted or crocheted fabrics,Harmonized System,HS,60,Eswatini,748,US$,USD,2451.0,2006
210,Annual,A,"Bilateral imports by detailed HS codes (2,4,6 digit)",Bilateral imports,TPM_HS,HS_M_0010,Chinese Taipei,158,Annual,A,Knitted or crocheted fabrics,Harmonized System,HS,60,Eswatini,748,US$,USD,16561678.0,2006
211,Annual,A,"Bilateral imports by detailed HS codes (2,4,6 digit)",Bilateral imports,TPM_HS,HS_M_0010,"Hong Kong, China",344,Annual,A,Knitted or crocheted fabrics,Harmonized System,HS,60,Eswatini,748,US$,USD,16796302.0,2006
212,Annual,A,"Bilateral imports by detailed HS codes (2,4,6 digit)",Bilateral imports,TPM_HS,HS_M_0010,Malaysia,458,Annual,A,Knitted or crocheted fabrics,Harmonized System,HS,60,Eswatini,748,US$,USD,1496.0,2006
213,Annual,A,"Bilateral imports by detailed HS codes (2,4,6 digit)",Bilateral imports,TPM_HS,HS_M_0010,South Africa,710,Annual,A,Knitted or crocheted fabrics,Harmonized System,HS,60,Eswatini,748,US$,USD,6678209.0,2006
214,Annual,A,"Bilateral imports by detailed HS codes (2,4,6 digit)",Bilateral imports,TPM_HS,HS_M_0010,World,000,Annual,A,"Articles of apparel and clothing accessories, knitted or crocheted",Harmonized System,HS,61,Eswatini,748,US$,USD,16370104.0,2006
215,Annual,A,"Bilateral imports by detailed HS codes (2,4,6 digit)",Bilateral imports,TPM_HS,HS_M_0010,Canada,124,Annual,A,"Articles of apparel and clothing accessories, knitted or crocheted",Harmonized System,HS,61,Eswatini,748,US$,USD,658953.0,2006
216,Annual,A,"Bilateral imports by detailed HS codes (2,4,6 digit)",Bilateral imports,TPM_HS,HS_M_0010,Chinese Taipei,158,Annual,A,"Articles of apparel and clothing accessories, knitted or crocheted",Harmonized System,HS,61,Eswatini,748,US$,USD,406416.0,2006
217,Annual,A,"Bilateral imports by detailed HS codes (2,4,6 digit)",Bilateral imports,TPM_HS,HS_M_0010,Namibia,516,Annual,A,"Articles of apparel and clothing accessories, knitted or crocheted",Harmonized System,HS,61,Eswatini,748,US$,USD,1423034.0,2006
218,Annual,A,"Bilateral imports by detailed HS codes (2,4,6 digit)",Bilateral imports,TPM_HS,HS_M_0010,Singapore,702,Annual,A,"Articles of apparel and clothing accessories, knitted or crocheted",Harmonized System,HS,61,Eswatini,748,US$,USD,87467.0,2006
219,Annual,A,"Bilateral imports by detailed HS codes (2,4,6 digit)",Bilateral imports,TPM_HS,HS_M_0010,South Africa,710,Annual,A,"Articles of apparel and clothing accessories, knitted or crocheted",Harmonized System,HS,61,Eswatini,748,US$,USD,13794234.0,2006
220,Annual,A,"Bilateral imports by detailed HS codes (2,4,6 digit)",Bilateral imports,TPM_HS,HS_M_0010,World,000,Annual,A,"Articles of apparel and clothing accessories, not knitted or crocheted",Harmonized System,HS,62,Eswatini,748,US$,USD,13123507.0,2006
221,Annual,A,"Bilateral imports by detailed HS codes (2,4,6 digit)",Bilateral imports,TPM_HS,HS_M_0010,Chinese Taipei,158,Annual,A,"Articles of apparel and clothing accessories, not knitted or crocheted",Harmonized System,HS,62,Eswatini,748,US$,USD,343676.0,2006
222,Annual,A,"Bilateral imports by detailed HS codes (2,4,6 digit)",Bilateral imports,TPM_HS,HS_M_0010,Namibia,516,Annual,A,"Articles of apparel and clothing accessories, not knitted or crocheted",Harmonized System,HS,62,Eswatini,748,US$,USD,32058.0,2006
223,Annual,A,"Bilateral imports by detailed HS codes (2,4,6 digit)",Bilateral imports,TPM_HS,HS_M_0010,Singapore,702,Annual,A,"Articles of apparel and clothing accessories, not knitted or crocheted",Harmonized System,HS,62,Eswatini,748,US$,USD,187363.0,2006
224,Annual,A,"Bilateral imports by detailed HS codes (2,4,6 digit)",Bilateral imports,TPM_HS,HS_M_0010,South Africa,710,Annual,A,"Articles of apparel and clothing accessories, not knitted or crocheted",Harmonized System,HS,62,Eswatini,748,US$,USD,11122352.0,2006
225,Annual,A,"Bilateral imports by detailed HS codes (2,4,6 digit)",Bilateral imports,TPM_HS,HS_M_0010,Thailand,764,Annual,A,"Articles of apparel and clothing accessories, not knitted or crocheted",Harmonized System,HS,62,Eswatini,748,US$,USD,1299298.0,2006
226,Annual,A,"Bilateral imports by detailed HS codes (2,4,6 digit)",Bilateral imports,TPM_HS,HS_M_0010,United Arab Emirates,784,Annual,A,"Articles of apparel and clothing accessories, not knitted or crocheted",Harmonized System,HS,62,Eswatini,748,US$,USD,138761.0,2006
227,Annual,A,"Bilateral imports by detailed HS codes (2,4,6 digit)",Bilateral imports,TPM_HS,HS_M_0010,World,000,Annual,A,Other made up textile articles; sets; worn clothing and worn textile articles; rags,Harmonized System,HS,63,Eswatini,748,US$,USD,4790749.0,2006
228,Annual,A,"Bilateral imports by detailed HS codes (2,4,6 digit)",Bilateral imports,TPM_HS,HS_M_0010,Ireland,372,Annual,A,Other made up textile articles; sets; worn clothing and worn textile articles; rags,Harmonized System,HS,63,Eswatini,748,US$,USD,80278.0,2006
229,Annual,A,"Bilateral imports by detailed HS codes (2,4,6 digit)",Bilateral imports,TPM_HS,HS_M_0010,Japan,392,Annual,A,Other made up textile articles; sets; worn clothing and worn textile articles; rags,Harmonized System,HS,63,Eswatini,748,US$,USD,25019.0,2006
230,Annual,A,"Bilateral imports by detailed HS codes (2,4,6 digit)",Bilateral imports,TPM_HS,HS_M_0010,Mozambique,508,Annual,A,Other made up textile articles; sets; worn clothing and worn textile articles; rags,Harmonized System,HS,63,Eswatini,748,US$,USD,89546.0,2006
231,Annual,A,"Bilateral imports by detailed HS codes (2,4,6 digit)",Bilateral imports,TPM_HS,HS_M_0010,South Africa,710,Annual,A,Other made up textile articles; sets; worn clothing and worn textile articles; rags,Harmonized System,HS,63,Eswatini,748,US$,USD,4301861.0,2006
232,Annual,A,"Bilateral imports by detailed HS codes (2,4,6 digit)",Bilateral imports,TPM_HS,HS_M_0010,United Arab Emirates,784,Annual,A,Other made up textile articles; sets; worn clothing and worn textile articles; rags,Harmonized System,HS,63,Eswatini,748,US$,USD,56489.0,2006
233,Annual,A,"Bilateral imports by detailed HS codes (2,4,6 digit)",Bilateral imports,TPM_HS,HS_M_0010,United Kingdom,826,Annual,A,Other made up textile articles; sets; worn clothing and worn textile articles; rags,Harmonized System,HS,63,Eswatini,748,US$,USD,237556.0,2006
234,Annual,A,"Bilateral imports by detailed HS codes (2,4,6 digit)",Bilateral imports,TPM_HS,HS_M_0010,World,000,Annual,A,"Footwear, gaiters and the like; parts of such articles",Harmonized System,HS,64,Eswatini,748,US$,USD,13016607.0,2006
235,Annual,A,"Bilateral imports by detailed HS codes (2,4,6 digit)",Bilateral imports,TPM_HS,HS_M_0010,Mozambique,508,Annual,A,"Footwear, gaiters and the like; parts of such articles",Harmonized System,HS,64,Eswatini,748,US$,USD,2814307.0,2006
236,Annual,A,"Bilateral imports by detailed HS codes (2,4,6 digit)",Bilateral imports,TPM_HS,HS_M_0010,South Africa,710,Annual,A,"Footwear, gaiters and the like; parts of such articles",Harmonized System,HS,64,Eswatini,748,US$,USD,8762887.0,2006
237,Annual,A,"Bilateral imports by detailed HS codes (2,4,6 digit)",Bilateral imports,TPM_HS,HS_M_0010,United Kingdom,826,Annual,A,"Footwear, gaiters and the like; parts of such articles",Harmonized System,HS,64,Eswatini,748,US$,USD,1153079.0,2006
238,Annual,A,"Bilateral imports by detailed HS codes (2,4,6 digit)",Bilateral imports,TPM_HS,HS_M_0010,United States of America,840,Annual,A,"Footwear, gaiters and the like; parts of such articles",Harmonized System,HS,64,Eswatini,748,US$,USD,286333.0,2006
239,Annual,A,"Bilateral imports by detailed HS codes (2,4,6 digit)",Bilateral imports,TPM_HS,HS_M_0010,World,000,Annual,A,Headgear and parts thereof,Harmonized System,HS,65,Eswatini,748,US$,USD,495949.0,2006
240,Annual,A,"Bilateral imports by detailed HS codes (2,4,6 digit)",Bilateral imports,TPM_HS,HS_M_0010,South Africa,710,Annual,A,Headgear and parts thereof,Harmonized System,HS,65,Eswatini,748,US$,USD,495949.0,2006
241,Annual,A,"Bilateral imports by detailed HS codes (2,4,6 digit)",Bilateral imports,TPM_HS,HS_M_0010,World,000,Annual,A,"Umbrellas, sun umbrellas, walkingsticks, seatsticks, whips, ridingcrops and parts thereof",Harmonized System,HS,66,Eswatini,748,US$,USD,210945.0,2006
242,Annual,A,"Bilateral imports by detailed HS codes (2,4,6 digit)",Bilateral imports,TPM_HS,HS_M_0010,South Africa,710,Annual,A,"Umbrellas, sun umbrellas, walkingsticks, seatsticks, whips, ridingcrops and parts thereof",Harmonized System,HS,66,Eswatini,748,US$,USD,210945.0,2006
243,Annual,A,"Bilateral imports by detailed HS codes (2,4,6 digit)",Bilateral imports,TPM_HS,HS_M_0010,World,000,Annual,A,Prepared feathers and down and articles made of feathers or of down; artificial flowers; articles of human hair,Harmonized System,HS,67,Eswatini,748,US$,USD,589498.0,2006
244,Annual,A,"Bilateral imports by detailed HS codes (2,4,6 digit)",Bilateral imports,TPM_HS,HS_M_0010,Namibia,516,Annual,A,Prepared feathers and down and articles made of feathers or of down; artificial flowers; articles of human hair,Harmonized System,HS,67,Eswatini,748,US$,USD,197649.0,2006
245,Annual,A,"Bilateral imports by detailed HS codes (2,4,6 digit)",Bilateral imports,TPM_HS,HS_M_0010,South Africa,710,Annual,A,Prepared feathers and down and articles made of feathers or of down; artificial flowers; articles of human hair,Harmonized System,HS,67,Eswatini,748,US$,USD,136483.0,2006
246,Annual,A,"Bilateral imports by detailed HS codes (2,4,6 digit)",Bilateral imports,TPM_HS,HS_M_0010,Thailand,764,Annual,A,Prepared feathers and down and articles made of feathers or of down; artificial flowers; articles of human hair,Harmonized System,HS,67,Eswatini,748,US$,USD,255366.0,2006
247,Annual,A,"Bilateral imports by detailed HS codes (2,4,6 digit)",Bilateral imports,TPM_HS,HS_M_0010,World,000,Annual,A,"Articles of stone, plaster, cement, asbestos, mica or similar materials",Harmonized System,HS,68,Eswatini,748,US$,USD,5009982.0,2006
248,Annual,A,"Bilateral imports by detailed HS codes (2,4,6 digit)",Bilateral imports,TPM_HS,HS_M_0010,Lesotho,426,Annual,A,"Articles of stone, plaster, cement, asbestos, mica or similar materials",Harmonized System,HS,68,Eswatini,748,US$,USD,43682.0,2006
249,Annual,A,"Bilateral imports by detailed HS codes (2,4,6 digit)",Bilateral imports,TPM_HS,HS_M_0010,South Africa,710,Annual,A,"Articles of stone, plaster, cement, asbestos, mica or similar materials",Harmonized System,HS,68,Eswatini,748,US$,USD,4966300.0,2006
250,Annual,A,"Bilateral imports by detailed HS codes (2,4,6 digit)",Bilateral imports,TPM_HS,HS_M_0010,World,000,Annual,A,Ceramic products,Harmonized System,HS,69,Eswatini,748,US$,USD,4376057.0,2006
251,Annual,A,"Bilateral imports by detailed HS codes (2,4,6 digit)",Bilateral imports,TPM_HS,HS_M_0010,Brazil,076,Annual,A,Ceramic products,Harmonized System,HS,69,Eswatini,748,US$,USD,218641.0,2006
252,Annual,A,"Bilateral imports by detailed HS codes (2,4,6 digit)",Bilateral imports,TPM_HS,HS_M_0010,Canada,124,Annual,A,Ceramic products,Harmonized System,HS,69,Eswatini,748,US$,USD,1011689.0,2006
253,Annual,A,"Bilateral imports by detailed HS codes (2,4,6 digit)",Bilateral imports,TPM_HS,HS_M_0010,Ireland,372,Annual,A,Ceramic products,Harmonized System,HS,69,Eswatini,748,US$,USD,409645.0,2006
254,Annual,A,"Bilateral imports by detailed HS codes (2,4,6 digit)",Bilateral imports,TPM_HS,HS_M_0010,South Africa,710,Annual,A,Ceramic products,Harmonized System,HS,69,Eswatini,748,US$,USD,2736081.0,2006
255,Annual,A,"Bilateral imports by detailed HS codes (2,4,6 digit)",Bilateral imports,TPM_HS,HS_M_0010,World,000,Annual,A,Glass and glassware,Harmonized System,HS,70,Eswatini,748,US$,USD,4767268.0,2006
256,Annual,A,"Bilateral imports by detailed HS codes (2,4,6 digit)",Bilateral imports,TPM_HS,HS_M_0010,China,156,Annual,A,Glass and glassware,Harmonized System,HS,70,Eswatini,748,US$,USD,133261.0,2006
257,Annual,A,"Bilateral imports by detailed HS codes (2,4,6 digit)",Bilateral imports,TPM_HS,HS_M_0010,South Africa,710,Annual,A,Glass and glassware,Harmonized System,HS,70,Eswatini,748,US$,USD,4325404.0,2006
258,Annual,A,"Bilateral imports by detailed HS codes (2,4,6 digit)",Bilateral imports,TPM_HS,HS_M_0010,Zimbabwe,716,Annual,A,Glass and glassware,Harmonized System,HS,70,Eswatini,748,US$,USD,308603.0,2006
259,Annual,A,"Bilateral imports by detailed HS codes (2,4,6 digit)",Bilateral imports,TPM_HS,HS_M_0010,World,000,Annual,A,"Natural or cultured pearls, precious or semiprecious stones, precious metals, metals clad with precious metal, and articles thereof; imitation jewellery; coin",Harmonized System,HS,71,Eswatini,748,US$,USD,773968.0,2006
260,Annual,A,"Bilateral imports by detailed HS codes (2,4,6 digit)",Bilateral imports,TPM_HS,HS_M_0010,Hungary,348,Annual,A,"Natural or cultured pearls, precious or semiprecious stones, precious metals, metals clad with precious metal, and articles thereof; imitation jewellery; coin",Harmonized System,HS,71,Eswatini,748,US$,USD,8542.0,2006
261,Annual,A,"Bilateral imports by detailed HS codes (2,4,6 digit)",Bilateral imports,TPM_HS,HS_M_0010,South Africa,710,Annual,A,"Natural or cultured pearls, precious or semiprecious stones, precious metals, metals clad with precious metal, and articles thereof; imitation jewellery; coin",Harmonized System,HS,71,Eswatini,748,US$,USD,765426.0,2006
262,Annual,A,"Bilateral imports by detailed HS codes (2,4,6 digit)",Bilateral imports,TPM_HS,HS_M_0010,World,000,Annual,A,Iron and steel,Harmonized System,HS,72,Eswatini,748,US$,USD,23026264.0,2006
263,Annual,A,"Bilateral imports by detailed HS codes (2,4,6 digit)",Bilateral imports,TPM_HS,HS_M_0010,Japan,392,Annual,A,Iron and steel,Harmonized System,HS,72,Eswatini,748,US$,USD,1267568.0,2006
264,Annual,A,"Bilateral imports by detailed HS codes (2,4,6 digit)",Bilateral imports,TPM_HS,HS_M_0010,South Africa,710,Annual,A,Iron and steel,Harmonized System,HS,72,Eswatini,748,US$,USD,21758696.0,2006
265,Annual,A,"Bilateral imports by detailed HS codes (2,4,6 digit)",Bilateral imports,TPM_HS,HS_M_0010,World,000,Annual,A,Articles of iron or steel,Harmonized System,HS,73,Eswatini,748,US$,USD,39967732.0,2006
266,Annual,A,"Bilateral imports by detailed HS codes (2,4,6 digit)",Bilateral imports,TPM_HS,HS_M_0010,China,156,Annual,A,Articles of iron or steel,Harmonized System,HS,73,Eswatini,748,US$,USD,424056.0,2006
267,Annual,A,"Bilateral imports by detailed HS codes (2,4,6 digit)",Bilateral imports,TPM_HS,HS_M_0010,Chinese Taipei,158,Annual,A,Articles of iron or steel,Harmonized System,HS,73,Eswatini,748,US$,USD,763725.0,2006
268,Annual,A,"Bilateral imports by detailed HS codes (2,4,6 digit)",Bilateral imports,TPM_HS,HS_M_0010,Germany,276,Annual,A,Articles of iron or steel,Harmonized System,HS,73,Eswatini,748,US$,USD,170696.0,2006
269,Annual,A,"Bilateral imports by detailed HS codes (2,4,6 digit)",Bilateral imports,TPM_HS,HS_M_0010,South Africa,710,Annual,A,Articles of iron or steel,Harmonized System,HS,73,Eswatini,748,US$,USD,38609255.0,2006
270,Annual,A,"Bilateral imports by detailed HS codes (2,4,6 digit)",Bilateral imports,TPM_HS,HS_M_0010,World,000,Annual,A,Copper and articles thereof,Harmonized System,HS,74,Eswatini,748,US$,USD,5062224.0,2006
271,Annual,A,"Bilateral imports by detailed HS codes (2,4,6 digit)",Bilateral imports,TPM_HS,HS_M_0010,Japan,392,Annual,A,Copper and articles thereof,Harmonized System,HS,74,Eswatini,748,US$,USD,3147659.0,2006
272,Annual,A,"Bilateral imports by detailed HS codes (2,4,6 digit)",Bilateral imports,TPM_HS,HS_M_0010,South Africa,710,Annual,A,Copper and articles thereof,Harmonized System,HS,74,Eswatini,748,US$,USD,1914564.0,2006
273,Annual,A,"Bilateral imports by detailed HS codes (2,4,6 digit)",Bilateral imports,TPM_HS,HS_M_0010,World,000,Annual,A,Nickel and articles thereof,Harmonized System,HS,75,Eswatini,748,US$,USD,3142584.0,2006
274,Annual,A,"Bilateral imports by detailed HS codes (2,4,6 digit)",Bilateral imports,TPM_HS,HS_M_0010,Japan,392,Annual,A,Nickel and articles thereof,Harmonized System,HS,75,Eswatini,748,US$,USD,3115562.0,2006
275,Annual,A,"Bilateral imports by detailed HS codes (2,4,6 digit)",Bilateral imports,TPM_HS,HS_M_0010,South Africa,710,Annual,A,Nickel and articles thereof,Harmonized System,HS,75,Eswatini,748,US$,USD,27022.0,2006
276,Annual,A,"Bilateral imports by detailed HS codes (2,4,6 digit)",Bilateral imports,TPM_HS,HS_M_0010,World,000,Annual,A,Aluminium and articles thereof,Harmonized System,HS,76,Eswatini,748,US$,USD,3144479.0,2006
277,Annual,A,"Bilateral imports by detailed HS codes (2,4,6 digit)",Bilateral imports,TPM_HS,HS_M_0010,Botswana,072,Annual,A,Aluminium and articles thereof,Harmonized System,HS,76,Eswatini,748,US$,USD,17985.0,2006
278,Annual,A,"Bilateral imports by detailed HS codes (2,4,6 digit)",Bilateral imports,TPM_HS,HS_M_0010,South Africa,710,Annual,A,Aluminium and articles thereof,Harmonized System,HS,76,Eswatini,748,US$,USD,3126494.0,2006
279,Annual,A,"Bilateral imports by detailed HS codes (2,4,6 digit)",Bilateral imports,TPM_HS,HS_M_0010,World,000,Annual,A,Tin and articles thereof,Harmonized System,HS,80,Eswatini,748,US$,USD,226660.0,2006
280,Annual,A,"Bilateral imports by detailed HS codes (2,4,6 digit)",Bilateral imports,TPM_HS,HS_M_0010,South Africa,710,Annual,A,Tin and articles thereof,Harmonized System,HS,80,Eswatini,748,US$,USD,226660.0,2006
281,Annual,A,"Bilateral imports by detailed HS codes (2,4,6 digit)",Bilateral imports,TPM_HS,HS_M_0010,World,000,Annual,A,Zinc and articles thereof,Harmonized System,HS,79,Eswatini,748,US$,USD,229037.0,2006
282,Annual,A,"Bilateral imports by detailed HS codes (2,4,6 digit)",Bilateral imports,TPM_HS,HS_M_0010,South Africa,710,Annual,A,Zinc and articles thereof,Harmonized System,HS,79,Eswatini,748,US$,USD,229037.0,2006
283,Annual,A,"Bilateral imports by detailed HS codes (2,4,6 digit)",Bilateral imports,TPM_HS,HS_M_0010,World,000,Annual,A,Lead and articles thereof,Harmonized System,HS,78,Eswatini,748,US$,USD,35538.0,2006
284,Annual,A,"Bilateral imports by detailed HS codes (2,4,6 digit)",Bilateral imports,TPM_HS,HS_M_0010,Mozambique,508,Annual,A,Lead and articles thereof,Harmonized System,HS,78,Eswatini,748,US$,USD,1781.0,2006
285,Annual,A,"Bilateral imports by detailed HS codes (2,4,6 digit)",Bilateral imports,TPM_HS,HS_M_0010,South Africa,710,Annual,A,Lead and articles thereof,Harmonized System,HS,78,Eswatini,748,US$,USD,33757.0,2006
286,Annual,A,"Bilateral imports by detailed HS codes (2,4,6 digit)",Bilateral imports,TPM_HS,HS_M_0010,World,000,Annual,A,Other base metals; cermets; articles thereof,Harmonized System,HS,81,Eswatini,748,US$,USD,99696.0,2006
287,Annual,A,"Bilateral imports by detailed HS codes (2,4,6 digit)",Bilateral imports,TPM_HS,HS_M_0010,South Africa,710,Annual,A,Other base metals; cermets; articles thereof,Harmonized System,HS,81,Eswatini,748,US$,USD,99696.0,2006
288,Annual,A,"Bilateral imports by detailed HS codes (2,4,6 digit)",Bilateral imports,TPM_HS,HS_M_0010,World,000,Annual,A,"Tools, implements, cutlery, spoons and forks, of base metal; parts thereof of base metal",Harmonized System,HS,82,Eswatini,748,US$,USD,6226110.0,2006
289,Annual,A,"Bilateral imports by detailed HS codes (2,4,6 digit)",Bilateral imports,TPM_HS,HS_M_0010,China,156,Annual,A,"Tools, implements, cutlery, spoons and forks, of base metal; parts thereof of base metal",Harmonized System,HS,82,Eswatini,748,US$,USD,96479.0,2006
290,Annual,A,"Bilateral imports by detailed HS codes (2,4,6 digit)",Bilateral imports,TPM_HS,HS_M_0010,Chinese Taipei,158,Annual,A,"Tools, implements, cutlery, spoons and forks, of base metal; parts thereof of base metal",Harmonized System,HS,82,Eswatini,748,US$,USD,66715.0,2006
291,Annual,A,"Bilateral imports by detailed HS codes (2,4,6 digit)",Bilateral imports,TPM_HS,HS_M_0010,Namibia,516,Annual,A,"Tools, implements, cutlery, spoons and forks, of base metal; parts thereof of base metal",Harmonized System,HS,82,Eswatini,748,US$,USD,97538.0,2006
292,Annual,A,"Bilateral imports by detailed HS codes (2,4,6 digit)",Bilateral imports,TPM_HS,HS_M_0010,South Africa,710,Annual,A,"Tools, implements, cutlery, spoons and forks, of base metal; parts thereof of base metal",Harmonized System,HS,82,Eswatini,748,US$,USD,5965379.0,2006
293,Annual,A,"Bilateral imports by detailed HS codes (2,4,6 digit)",Bilateral imports,TPM_HS,HS_M_0010,World,000,Annual,A,Miscellaneous articles of base metal,Harmonized System,HS,83,Eswatini,748,US$,USD,4993051.0,2006
294,Annual,A,"Bilateral imports by detailed HS codes (2,4,6 digit)",Bilateral imports,TPM_HS,HS_M_0010,Chinese Taipei,158,Annual,A,Miscellaneous articles of base metal,Harmonized System,HS,83,Eswatini,748,US$,USD,178180.0,2006
295,Annual,A,"Bilateral imports by detailed HS codes (2,4,6 digit)",Bilateral imports,TPM_HS,HS_M_0010,South Africa,710,Annual,A,Miscellaneous articles of base metal,Harmonized System,HS,83,Eswatini,748,US$,USD,4814871.0,2006
296,Annual,A,"Bilateral imports by detailed HS codes (2,4,6 digit)",Bilateral imports,TPM_HS,HS_M_0010,World,000,Annual,A,"Nuclear reactors, boilers, machinery and mechanical appliances; parts thereof",Harmonized System,HS,84,Eswatini,748,US$,USD,116032552.0,2006
297,Annual,A,"Bilateral imports by detailed HS codes (2,4,6 digit)",Bilateral imports,TPM_HS,HS_M_0010,China,156,Annual,A,"Nuclear reactors, boilers, machinery and mechanical appliances; parts thereof",Harmonized System,HS,84,Eswatini,748,US$,USD,900440.0,2006
298,Annual,A,"Bilateral imports by detailed HS codes (2,4,6 digit)",Bilateral imports,TPM_HS,HS_M_0010,Chinese Taipei,158,Annual,A,"Nuclear reactors, boilers, machinery and mechanical appliances; parts thereof",Harmonized System,HS,84,Eswatini,748,US$,USD,1403332.0,2006
299,Annual,A,"Bilateral imports by detailed HS codes (2,4,6 digit)",Bilateral imports,TPM_HS,HS_M_0010,Germany,276,Annual,A,"Nuclear reactors, boilers, machinery and mechanical appliances; parts thereof",Harmonized System,HS,84,Eswatini,748,US$,USD,1326361.0,2006
300,Annual,A,"Bilateral imports by detailed HS codes (2,4,6 digit)",Bilateral imports,TPM_HS,HS_M_0010,"Hong Kong, China",344,Annual,A,"Nuclear reactors, boilers, machinery and mechanical appliances; parts thereof",Harmonized System,HS,84,Eswatini,748,US$,USD,1021136.0,2006
301,Annual,A,"Bilateral imports by detailed HS codes (2,4,6 digit)",Bilateral imports,TPM_HS,HS_M_0010,India,356,Annual,A,"Nuclear reactors, boilers, machinery and mechanical appliances; parts thereof",Harmonized System,HS,84,Eswatini,748,US$,USD,12168.0,2006
302,Annual,A,"Bilateral imports by detailed HS codes (2,4,6 digit)",Bilateral imports,TPM_HS,HS_M_0010,Iran,364,Annual,A,"Nuclear reactors, boilers, machinery and mechanical appliances; parts thereof",Harmonized System,HS,84,Eswatini,748,US$,USD,67958.0,2006
303,Annual,A,"Bilateral imports by detailed HS codes (2,4,6 digit)",Bilateral imports,TPM_HS,HS_M_0010,Ireland,372,Annual,A,"Nuclear reactors, boilers, machinery and mechanical appliances; parts thereof",Harmonized System,HS,84,Eswatini,748,US$,USD,102443.0,2006
304,Annual,A,"Bilateral imports by detailed HS codes (2,4,6 digit)",Bilateral imports,TPM_HS,HS_M_0010,Japan,392,Annual,A,"Nuclear reactors, boilers, machinery and mechanical appliances; parts thereof",Harmonized System,HS,84,Eswatini,748,US$,USD,1440591.0,2006
305,Annual,A,"Bilateral imports by detailed HS codes (2,4,6 digit)",Bilateral imports,TPM_HS,HS_M_0010,Mozambique,508,Annual,A,"Nuclear reactors, boilers, machinery and mechanical appliances; parts thereof",Harmonized System,HS,84,Eswatini,748,US$,USD,2954342.0,2006
306,Annual,A,"Bilateral imports by detailed HS codes (2,4,6 digit)",Bilateral imports,TPM_HS,HS_M_0010,South Africa,710,Annual,A,"Nuclear reactors, boilers, machinery and mechanical appliances; parts thereof",Harmonized System,HS,84,Eswatini,748,US$,USD,104878360.0,2006
307,Annual,A,"Bilateral imports by detailed HS codes (2,4,6 digit)",Bilateral imports,TPM_HS,HS_M_0010,United Arab Emirates,784,Annual,A,"Nuclear reactors, boilers, machinery and mechanical appliances; parts thereof",Harmonized System,HS,84,Eswatini,748,US$,USD,383532.0,2006
308,Annual,A,"Bilateral imports by detailed HS codes (2,4,6 digit)",Bilateral imports,TPM_HS,HS_M_0010,United Kingdom,826,Annual,A,"Nuclear reactors, boilers, machinery and mechanical appliances; parts thereof",Harmonized System,HS,84,Eswatini,748,US$,USD,530461.0,2006
309,Annual,A,"Bilateral imports by detailed HS codes (2,4,6 digit)",Bilateral imports,TPM_HS,HS_M_0010,United States of America,840,Annual,A,"Nuclear reactors, boilers, machinery and mechanical appliances; parts thereof",Harmonized System,HS,84,Eswatini,748,US$,USD,1011429.0,2006
310,Annual,A,"Bilateral imports by detailed HS codes (2,4,6 digit)",Bilateral imports,TPM_HS,HS_M_0010,World,000,Annual,A,"Electrical machinery and equipment and parts thereof; sound recorders and reproducers, television image and sound recorders and reproducers, and parts and accessories of such articles",Harmonized System,HS,85,Eswatini,748,US$,USD,58118407.0,2006
311,Annual,A,"Bilateral imports by detailed HS codes (2,4,6 digit)",Bilateral imports,TPM_HS,HS_M_0010,Belgium,056,Annual,A,"Electrical machinery and equipment and parts thereof; sound recorders and reproducers, television image and sound recorders and reproducers, and parts and accessories of such articles",Harmonized System,HS,85,Eswatini,748,US$,USD,237204.0,2006
312,Annual,A,"Bilateral imports by detailed HS codes (2,4,6 digit)",Bilateral imports,TPM_HS,HS_M_0010,Canada,124,Annual,A,"Electrical machinery and equipment and parts thereof; sound recorders and reproducers, television image and sound recorders and reproducers, and parts and accessories of such articles",Harmonized System,HS,85,Eswatini,748,US$,USD,90746.0,2006
313,Annual,A,"Bilateral imports by detailed HS codes (2,4,6 digit)",Bilateral imports,TPM_HS,HS_M_0010,China,156,Annual,A,"Electrical machinery and equipment and parts thereof; sound recorders and reproducers, television image and sound recorders and reproducers, and parts and accessories of such articles",Harmonized System,HS,85,Eswatini,748,US$,USD,1012184.0,2006
314,Annual,A,"Bilateral imports by detailed HS codes (2,4,6 digit)",Bilateral imports,TPM_HS,HS_M_0010,Chinese Taipei,158,Annual,A,"Electrical machinery and equipment and parts thereof; sound recorders and reproducers, television image and sound recorders and reproducers, and parts and accessories of such articles",Harmonized System,HS,85,Eswatini,748,US$,USD,714156.0,2006
315,Annual,A,"Bilateral imports by detailed HS codes (2,4,6 digit)",Bilateral imports,TPM_HS,HS_M_0010,Japan,392,Annual,A,"Electrical machinery and equipment and parts thereof; sound recorders and reproducers, television image and sound recorders and reproducers, and parts and accessories of such articles",Harmonized System,HS,85,Eswatini,748,US$,USD,871183.0,2006
316,Annual,A,"Bilateral imports by detailed HS codes (2,4,6 digit)",Bilateral imports,TPM_HS,HS_M_0010,Namibia,516,Annual,A,"Electrical machinery and equipment and parts thereof; sound recorders and reproducers, television image and sound recorders and reproducers, and parts and accessories of such articles",Harmonized System,HS,85,Eswatini,748,US$,USD,5043.0,2006
317,Annual,A,"Bilateral imports by detailed HS codes (2,4,6 digit)",Bilateral imports,TPM_HS,HS_M_0010,South Africa,710,Annual,A,"Electrical machinery and equipment and parts thereof; sound recorders and reproducers, television image and sound recorders and reproducers, and parts and accessories of such articles",Harmonized System,HS,85,Eswatini,748,US$,USD,47661628.0,2006
318,Annual,A,"Bilateral imports by detailed HS codes (2,4,6 digit)",Bilateral imports,TPM_HS,HS_M_0010,Sweden,752,Annual,A,"Electrical machinery and equipment and parts thereof; sound recorders and reproducers, television image and sound recorders and reproducers, and parts and accessories of such articles",Harmonized System,HS,85,Eswatini,748,US$,USD,3875677.0,2006
319,Annual,A,"Bilateral imports by detailed HS codes (2,4,6 digit)",Bilateral imports,TPM_HS,HS_M_0010,United Arab Emirates,784,Annual,A,"Electrical machinery and equipment and parts thereof; sound recorders and reproducers, television image and sound recorders and reproducers, and parts and accessories of such articles",Harmonized System,HS,85,Eswatini,748,US$,USD,2914804.0,2006
320,Annual,A,"Bilateral imports by detailed HS codes (2,4,6 digit)",Bilateral imports,TPM_HS,HS_M_0010,United Kingdom,826,Annual,A,"Electrical machinery and equipment and parts thereof; sound recorders and reproducers, television image and sound recorders and reproducers, and parts and accessories of such articles",Harmonized System,HS,85,Eswatini,748,US$,USD,290492.0,2006
321,Annual,A,"Bilateral imports by detailed HS codes (2,4,6 digit)",Bilateral imports,TPM_HS,HS_M_0010,United States of America,840,Annual,A,"Electrical machinery and equipment and parts thereof; sound recorders and reproducers, television image and sound recorders and reproducers, and parts and accessories of such articles",Harmonized System,HS,85,Eswatini,748,US$,USD,199930.0,2006
322,Annual,A,"Bilateral imports by detailed HS codes (2,4,6 digit)",Bilateral imports,TPM_HS,HS_M_0010,World,000,Annual,A,"Vehicles other than railway or tramway rollingstock, and parts and accessories thereof",Harmonized System,HS,87,Eswatini,748,US$,USD,106120122.0,2006
323,Annual,A,"Bilateral imports by detailed HS codes (2,4,6 digit)",Bilateral imports,TPM_HS,HS_M_0010,Germany,276,Annual,A,"Vehicles other than railway or tramway rollingstock, and parts and accessories thereof",Harmonized System,HS,87,Eswatini,748,US$,USD,23603497.0,2006
324,Annual,A,"Bilateral imports by detailed HS codes (2,4,6 digit)",Bilateral imports,TPM_HS,HS_M_0010,Japan,392,Annual,A,"Vehicles other than railway or tramway rollingstock, and parts and accessories thereof",Harmonized System,HS,87,Eswatini,748,US$,USD,12257319.0,2006
325,Annual,A,"Bilateral imports by detailed HS codes (2,4,6 digit)",Bilateral imports,TPM_HS,HS_M_0010,Mozambique,508,Annual,A,"Vehicles other than railway or tramway rollingstock, and parts and accessories thereof",Harmonized System,HS,87,Eswatini,748,US$,USD,4673302.0,2006
326,Annual,A,"Bilateral imports by detailed HS codes (2,4,6 digit)",Bilateral imports,TPM_HS,HS_M_0010,South Africa,710,Annual,A,"Vehicles other than railway or tramway rollingstock, and parts and accessories thereof",Harmonized System,HS,87,Eswatini,748,US$,USD,61942813.0,2006
327,Annual,A,"Bilateral imports by detailed HS codes (2,4,6 digit)",Bilateral imports,TPM_HS,HS_M_0010,Zimbabwe,716,Annual,A,"Vehicles other than railway or tramway rollingstock, and parts and accessories thereof",Harmonized System,HS,87,Eswatini,748,US$,USD,124229.0,2006
328,Annual,A,"Bilateral imports by detailed HS codes (2,4,6 digit)",Bilateral imports,TPM_HS,HS_M_0010,United Kingdom,826,Annual,A,"Vehicles other than railway or tramway rollingstock, and parts and accessories thereof",Harmonized System,HS,87,Eswatini,748,US$,USD,3518961.0,2006
329,Annual,A,"Bilateral imports by detailed HS codes (2,4,6 digit)",Bilateral imports,TPM_HS,HS_M_0010,World,000,Annual,A,"Railway or tramway locomotives, rollingstock and parts thereof; railway or tramway track fixtures and fittings and parts thereof; mechanical (including electromechanical) traffic signalling equipment ",Harmonized System,HS,86,Eswatini,748,US$,USD,385129.0,2006
330,Annual,A,"Bilateral imports by detailed HS codes (2,4,6 digit)",Bilateral imports,TPM_HS,HS_M_0010,South Africa,710,Annual,A,"Railway or tramway locomotives, rollingstock and parts thereof; railway or tramway track fixtures and fittings and parts thereof; mechanical (including electromechanical) traffic signalling equipment ",Harmonized System,HS,86,Eswatini,748,US$,USD,385129.0,2006
331,Annual,A,"Bilateral imports by detailed HS codes (2,4,6 digit)",Bilateral imports,TPM_HS,HS_M_0010,World,000,Annual,A,"Optical, photographic, cinematographic, measuring, checking, precision, medical or surgical instruments and apparatus; parts and accessories thereof",Harmonized System,HS,90,Eswatini,748,US$,USD,8619083.0,2006
332,Annual,A,"Bilateral imports by detailed HS codes (2,4,6 digit)",Bilateral imports,TPM_HS,HS_M_0010,Sri Lanka,144,Annual,A,"Optical, photographic, cinematographic, measuring, checking, precision, medical or surgical instruments and apparatus; parts and accessories thereof",Harmonized System,HS,90,Eswatini,748,US$,USD,44743.0,2006
333,Annual,A,"Bilateral imports by detailed HS codes (2,4,6 digit)",Bilateral imports,TPM_HS,HS_M_0010,China,156,Annual,A,"Optical, photographic, cinematographic, measuring, checking, precision, medical or surgical instruments and apparatus; parts and accessories thereof",Harmonized System,HS,90,Eswatini,748,US$,USD,188010.0,2006
334,Annual,A,"Bilateral imports by detailed HS codes (2,4,6 digit)",Bilateral imports,TPM_HS,HS_M_0010,Lesotho,426,Annual,A,"Optical, photographic, cinematographic, measuring, checking, precision, medical or surgical instruments and apparatus; parts and accessories thereof",Harmonized System,HS,90,Eswatini,748,US$,USD,1689705.0,2006
335,Annual,A,"Bilateral imports by detailed HS codes (2,4,6 digit)",Bilateral imports,TPM_HS,HS_M_0010,Netherlands,528,Annual,A,"Optical, photographic, cinematographic, measuring, checking, precision, medical or surgical instruments and apparatus; parts and accessories thereof",Harmonized System,HS,90,Eswatini,748,US$,USD,5298.0,2006
336,Annual,A,"Bilateral imports by detailed HS codes (2,4,6 digit)",Bilateral imports,TPM_HS,HS_M_0010,Nigeria,566,Annual,A,"Optical, photographic, cinematographic, measuring, checking, precision, medical or surgical instruments and apparatus; parts and accessories thereof",Harmonized System,HS,90,Eswatini,748,US$,USD,2199.0,2006
337,Annual,A,"Bilateral imports by detailed HS codes (2,4,6 digit)",Bilateral imports,TPM_HS,HS_M_0010,South Africa,710,Annual,A,"Optical, photographic, cinematographic, measuring, checking, precision, medical or surgical instruments and apparatus; parts and accessories thereof",Harmonized System,HS,90,Eswatini,748,US$,USD,6679922.0,2006
338,Annual,A,"Bilateral imports by detailed HS codes (2,4,6 digit)",Bilateral imports,TPM_HS,HS_M_0010,United Kingdom,826,Annual,A,"Optical, photographic, cinematographic, measuring, checking, precision, medical or surgical instruments and apparatus; parts and accessories thereof",Harmonized System,HS,90,Eswatini,748,US$,USD,3773.0,2006
339,Annual,A,"Bilateral imports by detailed HS codes (2,4,6 digit)",Bilateral imports,TPM_HS,HS_M_0010,United States of America,840,Annual,A,"Optical, photographic, cinematographic, measuring, checking, precision, medical or surgical instruments and apparatus; parts and accessories thereof",Harmonized System,HS,90,Eswatini,748,US$,USD,5433.0,2006
340,Annual,A,"Bilateral imports by detailed HS codes (2,4,6 digit)",Bilateral imports,TPM_HS,HS_M_0010,World,000,Annual,A,"Ships, boats and floating structures",Harmonized System,HS,89,Eswatini,748,US$,USD,61169.0,2006
341,Annual,A,"Bilateral imports by detailed HS codes (2,4,6 digit)",Bilateral imports,TPM_HS,HS_M_0010,South Africa,710,Annual,A,"Ships, boats and floating structures",Harmonized System,HS,89,Eswatini,748,US$,USD,61169.0,2006
342,Annual,A,"Bilateral imports by detailed HS codes (2,4,6 digit)",Bilateral imports,TPM_HS,HS_M_0010,World,000,Annual,A,"Aircraft, spacecraft, and parts thereof",Harmonized System,HS,88,Eswatini,748,US$,USD,401206.0,2006
343,Annual,A,"Bilateral imports by detailed HS codes (2,4,6 digit)",Bilateral imports,TPM_HS,HS_M_0010,Israel,376,Annual,A,"Aircraft, spacecraft, and parts thereof",Harmonized System,HS,88,Eswatini,748,US$,USD,101148.0,2006
344,Annual,A,"Bilateral imports by detailed HS codes (2,4,6 digit)",Bilateral imports,TPM_HS,HS_M_0010,South Africa,710,Annual,A,"Aircraft, spacecraft, and parts thereof",Harmonized System,HS,88,Eswatini,748,US$,USD,300058.0,2006
345,Annual,A,"Bilateral imports by detailed HS codes (2,4,6 digit)",Bilateral imports,TPM_HS,HS_M_0010,World,000,Annual,A,Clocks and watches and parts thereof,Harmonized System,HS,91,Eswatini,748,US$,USD,347988.0,2006
346,Annual,A,"Bilateral imports by detailed HS codes (2,4,6 digit)",Bilateral imports,TPM_HS,HS_M_0010,South Africa,710,Annual,A,Clocks and watches and parts thereof,Harmonized System,HS,91,Eswatini,748,US$,USD,347988.0,2006
347,Annual,A,"Bilateral imports by detailed HS codes (2,4,6 digit)",Bilateral imports,TPM_HS,HS_M_0010,World,000,Annual,A,Musical instruments; parts and accessories of such articles,Harmonized System,HS,92,Eswatini,748,US$,USD,252449.0,2006
348,Annual,A,"Bilateral imports by detailed HS codes (2,4,6 digit)",Bilateral imports,TPM_HS,HS_M_0010,South Africa,710,Annual,A,Musical instruments; parts and accessories of such articles,Harmonized System,HS,92,Eswatini,748,US$,USD,252449.0,2006
349,Annual,A,"Bilateral imports by detailed HS codes (2,4,6 digit)",Bilateral imports,TPM_HS,HS_M_0010,World,000,Annual,A,"Furniture; bedding, mattresses, mattress supports, cushions and similar stuffed furnishings; lamps and lighting fittings, not elsewhere specified or included; illuminated signs, illuminated nameplates",Harmonized System,HS,94,Eswatini,748,US$,USD,16099165.0,2006
350,Annual,A,"Bilateral imports by detailed HS codes (2,4,6 digit)",Bilateral imports,TPM_HS,HS_M_0010,Chinese Taipei,158,Annual,A,"Furniture; bedding, mattresses, mattress supports, cushions and similar stuffed furnishings; lamps and lighting fittings, not elsewhere specified or included; illuminated signs, illuminated nameplates",Harmonized System,HS,94,Eswatini,748,US$,USD,1572229.0,2006
351,Annual,A,"Bilateral imports by detailed HS codes (2,4,6 digit)",Bilateral imports,TPM_HS,HS_M_0010,South Africa,710,Annual,A,"Furniture; bedding, mattresses, mattress supports, cushions and similar stuffed furnishings; lamps and lighting fittings, not elsewhere specified or included; illuminated signs, illuminated nameplates",Harmonized System,HS,94,Eswatini,748,US$,USD,11052235.0,2006
352,Annual,A,"Bilateral imports by detailed HS codes (2,4,6 digit)",Bilateral imports,TPM_HS,HS_M_0010,United States of America,840,Annual,A,"Furniture; bedding, mattresses, mattress supports, cushions and similar stuffed furnishings; lamps and lighting fittings, not elsewhere specified or included; illuminated signs, illuminated nameplates",Harmonized System,HS,94,Eswatini,748,US$,USD,3474700.0,2006
353,Annual,A,"Bilateral imports by detailed HS codes (2,4,6 digit)",Bilateral imports,TPM_HS,HS_M_0010,World,000,Annual,A,Arms and ammunition; parts and accessories thereof,Harmonized System,HS,93,Eswatini,748,US$,USD,184851.0,2006
354,Annual,A,"Bilateral imports by detailed HS codes (2,4,6 digit)",Bilateral imports,TPM_HS,HS_M_0010,South Africa,710,Annual,A,Arms and ammunition; parts and accessories thereof,Harmonized System,HS,93,Eswatini,748,US$,USD,184851.0,2006
355,Annual,A,"Bilateral imports by detailed HS codes (2,4,6 digit)",Bilateral imports,TPM_HS,HS_M_0010,World,000,Annual,A,"Toys, games and sports requisites; parts and accessories thereof",Harmonized System,HS,95,Eswatini,748,US$,USD,1626914.0,2006
356,Annual,A,"Bilateral imports by detailed HS codes (2,4,6 digit)",Bilateral imports,TPM_HS,HS_M_0010,Canada,124,Annual,A,"Toys, games and sports requisites; parts and accessories thereof",Harmonized System,HS,95,Eswatini,748,US$,USD,342825.0,2006
357,Annual,A,"Bilateral imports by detailed HS codes (2,4,6 digit)",Bilateral imports,TPM_HS,HS_M_0010,Mozambique,508,Annual,A,"Toys, games and sports requisites; parts and accessories thereof",Harmonized System,HS,95,Eswatini,748,US$,USD,52247.0,2006
358,Annual,A,"Bilateral imports by detailed HS codes (2,4,6 digit)",Bilateral imports,TPM_HS,HS_M_0010,South Africa,710,Annual,A,"Toys, games and sports requisites; parts and accessories thereof",Harmonized System,HS,95,Eswatini,748,US$,USD,1225261.0,2006
359,Annual,A,"Bilateral imports by detailed HS codes (2,4,6 digit)",Bilateral imports,TPM_HS,HS_M_0010,United Kingdom,826,Annual,A,"Toys, games and sports requisites; parts and accessories thereof",Harmonized System,HS,95,Eswatini,748,US$,USD,6581.0,2006
360,Annual,A,"Bilateral imports by detailed HS codes (2,4,6 digit)",Bilateral imports,TPM_HS,HS_M_0010,World,000,Annual,A,Miscellaneous manufactured articles,Harmonized System,HS,96,Eswatini,748,US$,USD,9008473.0,2006
361,Annual,A,"Bilateral imports by detailed HS codes (2,4,6 digit)",Bilateral imports,TPM_HS,HS_M_0010,Canada,124,Annual,A,Miscellaneous manufactured articles,Harmonized System,HS,96,Eswatini,748,US$,USD,871875.0,2006
362,Annual,A,"Bilateral imports by detailed HS codes (2,4,6 digit)",Bilateral imports,TPM_HS,HS_M_0010,Chinese Taipei,158,Annual,A,Miscellaneous manufactured articles,Harmonized System,HS,96,Eswatini,748,US$,USD,328745.0,2006
363,Annual,A,"Bilateral imports by detailed HS codes (2,4,6 digit)",Bilateral imports,TPM_HS,HS_M_0010,Italy,380,Annual,A,Miscellaneous manufactured articles,Harmonized System,HS,96,Eswatini,748,US$,USD,4239962.0,2006
364,Annual,A,"Bilateral imports by detailed HS codes (2,4,6 digit)",Bilateral imports,TPM_HS,HS_M_0010,Mauritius,480,Annual,A,Miscellaneous manufactured articles,Harmonized System,HS,96,Eswatini,748,US$,USD,218077.0,2006
365,Annual,A,"Bilateral imports by detailed HS codes (2,4,6 digit)",Bilateral imports,TPM_HS,HS_M_0010,South Africa,710,Annual,A,Miscellaneous manufactured articles,Harmonized System,HS,96,Eswatini,748,US$,USD,3349815.0,2006
366,Annual,A,"Bilateral imports by detailed HS codes (2,4,6 digit)",Bilateral imports,TPM_HS,HS_M_0010,World,000,Annual,A,"Works of art, collectors' pieces and antiques",Harmonized System,HS,97,Eswatini,748,US$,USD,45400.0,2006
367,Annual,A,"Bilateral imports by detailed HS codes (2,4,6 digit)",Bilateral imports,TPM_HS,HS_M_0010,South Africa,710,Annual,A,"Works of art, collectors' pieces and antiques",Harmonized System,HS,97,Eswatini,748,US$,USD,45400.0,2006
